納品データ,member_ id,種別,ニックネーム,スレッドURL,スレッドタイトル,スレッド本文,ルーム,テンション,タグ1,タグ2,タグ3,タグ4,タグ5,投稿日時
0320-0326,,,レオレオ,,2 Chainzの好きな曲はなんですか？,2 Chainzの好きな曲はなんですかー？心に残った歌詞とかあればどうぞ！,2 Chainz,みんなでわいわい,歌手,,,,,2014/4/28 9:46
0320-0326,,,レオレオ,,4heroの好きなところはなんですか！？,4heroの好きなところはなんですか！？曲のベースが良いという点が私は好きです！,4hero,みんなでわいわい,歌手,,,,,2014/4/28 17:21
0320-0326,,,レオレオ,,50 Centの曲で好きな曲はなんですか？,50 Centの曲で好きな曲はなんですか？心に残った曲をぜひ教えてー！,50 Cent,みんなでわいわい,ヒップホップ,,,,,2014/4/30 3:07
0320-0326,,,レオレオ,,AIの髪型で一番ないわと思ったのは？,"坊主にしたりいろいろ髪型変えてますけど、中でも一番えーって思った髪型は
何でしたか？逆に似合ってた髪型も見てみたいですね。",AI,みんなでわいわい,J-POP,ソウル,,,,2014/4/29 2:57
0320-0326,,,レオレオ,,AIのR&B色が強い曲は？,"R&B歌手だったように記憶しているんですが、一番R&B色の強い曲を
教えてください！",AI,今すぐ教えて！,J-POP,ソウル,,,,2014/4/28 16:26
0320-0326,,,レオレオ,,AIって実際どうなの？,"邦楽R&Bのディーヴァって聞いたんですが実際どうなんでしょうか。
みなさんの意見ください。",AI,ご意見求む,J-POP,ソウル,,,,2014/4/29 10:17
0320-0326,,,アレグロ♪,,ゴスペル・グループ　Al Green,"「レッツ・ステイ・トゥゲザー」って、Al Greenの曲だったんだなあ。
カッコいい曲ですよね！もっとオススメの曲ってありますか？",Al Green,今すぐ教えて！,歌手,,,,,2014/4/30 1:36
0320-0326,,,レオレオ,,Alexandra Burkeってなんの優勝したの？,Alexandra Burkeってなんの優勝したのでしょうか？そんな話を聞いたのですが...,Alexandra Burke,今すぐ教えて！,歌手,,,,,2014/4/28 11:14
0320-0326,,,アレグロ♪,,ANITA BAKER好きな方,"ANITA BAKER　カッコいいですよね～。
どの曲がお気に入りですか？",ANITA BAKER,今すぐ教えて！,歌手,,,,,2014/4/28 12:46
0320-0326,,,レオレオ,,Arctic Monkeysの好きなライブはどれ？,"ライブで一番思い出に残ってるのはどのライブですか？
今年のサマソニはヘッドで来そうですね！",Arctic Monkeys,みんなでわいわい,ロック,,,,,2014/4/28 18:02
0320-0326,,,レオレオ,,Arctic Monkeysのお勧めのライブ盤は？,"盛り上がったいい内容のライブ盤を教えてください！
来日公演じゃなくてもいいです！",Arctic Monkeys,今すぐ教えて！,ロック,,,,,2014/4/29 10:21
0320-0326,,,レオレオ,,Arctic Monkeysを何で知った？,"あまり日本で宣伝していないように感じるのですが、みなさんはどこで知りましたか？
どうやったらもっと知名度上がるんでしょうね？意見ください！",Arctic Monkeys,ご意見求む,ロック,,,,,2014/4/27 20:13
0320-0326,,,レオレオ,,Arctic Monkeysで一番好きな曲はなに？,"アクモンで一番好きな曲はみなさんなんですか？
緩急や抜けない感じがたまらないバンドの好きな曲で好みわかりそうですよね。",Arctic Monkeys ,みんなでわいわい,ロック,,,,,2014/4/28 16:47
0320-0326,,,レオレオ,,Arctic Monkeysの新アルバムはどんな感じ？,"AMが発売されてから結構経つのですが、完全に乗り遅れてまだ買ってません。
どんな感じのアルバムなのでしょうか？アルバムごとに感じが違うんで場合によっては
見送りたいので教えてください！",Arctic Monkeys ,今すぐ教えて！,ロック,,,,,2014/4/28 15:37
0320-0326,,,レオレオ,,Arctic Monkeysは来日したらどこでライブする,"どの程度の人数が集まるんでしょうか？日本での人気ってどの程度なんでしょうか？
皆さんはどう思いますか？",Arctic Monkeys ,ご意見求む,ロック,,,,,2014/4/27 19:55
0320-0326,,,アレグロ♪,,Atlantic Starrのオススメの曲,"Atlantic Starr　R＆Ｂのグループです。いいですよね！
もっと知りたいです。オススメの曲、教えてください！",Atlantic Starr,今すぐ教えて！,歌手,,,,,2014/4/30 5:32
0320-0326,,,レオレオ,,Avril Lavigneさんイメージの・・・,Avril Lavigneさんって金髪のイメージがあるのですが、いつからなのでしょうか？それとも元から金髪なのでしょうか？,Avril Lavigne,今すぐ教えて！,洋楽POPS,,,,,2014/4/28 20:11
0320-0326,,,レオレオ,,Avril Lavigneさんの最新リリースって？,Avril Lavigneさんって最近見ないような気がするのですが、最新リリースを教えてください！,Avril Lavigne,今すぐ教えて！,洋楽POPS,,,,,2014/4/30 2:57
0320-0326,,,レオレオ,,Avril Lavigneさんの曲でダンスなら？,Avril Lavigneさんの曲でダンスしようと思うのですが、どの曲がいいと思いますか？ノリやすいのがいいのですが…。,Avril Lavigne,今すぐ教えて！,洋楽POPS,,,,,2014/4/29 19:25
0320-0326,,,レオレオ,,Avril Lavigneさんの本当のところは？,Avril Lavigneさんってチャラいイメージがあるのですが、本当のところはどうなんでしょうか？曲の歌詞などもそういうことが多い気がして…,Avril Lavigne,今すぐ教えて！,洋楽POPS,,,,,2014/4/28 15:14
0320-0326,,,レオレオ,,Avril Lavigneさんの化粧？,Avril Lavigneさんの化粧で目の周りが真っ黒な化粧をしているところを見たことがある気がするのですが、気のせいでしょうか？,Avril Lavigne,今すぐ教えて！,洋楽POPS,,,,,2014/4/29 2:54
0320-0326,,,レオレオ,,Britney Spearsさんって何歳に？,Britney Spearsさんって年齢の割にかわいく見えますよね⁉︎実際今年で何歳になるのでしょうか？,Britney Spears,今すぐ教えて！,洋楽POPS,,,,,2014/4/27 21:14
0320-0326,,,レオレオ,,Britney Spearsさんの最新のCDのリリースは？,Britney Spearsさんの最新のCDのリリースをぜひ教えていただけないでしょうか？,Britney Spears,今すぐ教えて！,洋楽POPS,,,,,2014/4/28 19:40
0320-0326,,,レオレオ,,Britney Spearsさんはお子さんがいる？,Britney Spearsさんは確かお子さんがいたような気がするのですが、本当でしょうか？,Britney Spears,今すぐ教えて！,洋楽POPS,,,,,2014/4/28 10:38
0320-0326,,,レオレオ,,Britney Spearsさんの妹の名前は？,Britney Spearsさんって確か妹さんが女優をしていたと思うのですが、なんという名前でしょうか？,Britney Spears,今すぐ教えて！,洋楽POPS,,,,,2014/4/29 4:20
0320-0326,,,レオレオ,,Britney Spearsさんの生い立ちは？,Britney Spearsさんの生い立ちを少しでもいいので教えていただけないでしょうか？,Britney Spears,今すぐ教えて！,洋楽POPS,,,,,2014/4/28 4:53
0320-0326,,,アレグロ♪,,EXILEのATSUSHI,"ソロアルバムが出ましたけど、歌うまいですね～。
やっと清木場俊介とのコラボが実現してます。嬉しいなあ～",EXILE,みんなでわいわい,J-POP,,,,,2014/4/28 22:47
0320-0326,,,19みつき28,,Fall Out BoyのThnks fr th Mmrsの歌詞,"Fall Out BoyのThnks fr th MmrsのPV観て、おさるがちょいちょい面白くて(笑)
歌詞が気になるんですけど、どんな内容なんでしょう？",Fall Out Boy,みんなでわいわい,歌手,,,,,2014/4/28 1:55
0320-0326,,,レオレオ,,Fall Out Boyの感動した曲を教えて！,Fall Out Boyの感動した曲を教えてくださいー！この曲！っていう一押しを語り合いましょう！,Fall Out Boy,みんなでわいわい,オルタナ,,,,,2014/4/30 6:59
0320-0326,,,レオレオ,,Fall Out Boyのおすすめアルバムはなんですか？,Fall Out Boyのおすすめアルバムはなんですか？あなたが思うオススメアルバムを教えてください。,Fall Out Boy,ご意見求む,オルタナ,,,,,2014/4/28 18:55
0320-0326,,,きみどりみどろ,,最近気になる福岡ローカルGLITTER☆！,福岡のローカルアイドル、GLITTER☆が気になります。ブサイク売りって、、、まあ、面白いですけどね。気になっているかた、いろいろ語りましょう！,GLITTER,みんなでわいわい,アイドル,,,,,2014/4/29 1:00
0320-0326,,,レオレオ,,Green Dayってどういう意味なのですか？,Green Dayってどういう意味なのですか？由来とかあるのでしょうか？教えてください。,Green Day,ご意見求む,オルタナ,,,,,2014/4/30 1:25
0320-0326,,,じゅえる,,ママになったGwenの魅力を語ろう！,"ママになっても美しく逞しく才能豊かな彼女の魅力をみなさんで語りましょう！
特に、育児をしながらアーティストで居続ける彼女の最大の魅力ってなんでしょう？",Gwen Stefani,みんなでわいわい,歌手,,,,,2014/4/28 18:32
0320-0326,,,レオレオ,,あなたにとってのHelloweenの名曲とは！？,あなたにとってのHelloweenの名曲とはなんですか？昔のものから今のものまで語り合いましょう！,Helloween,みんなでわいわい,歌手,,,,,2014/4/28 20:18
0320-0326,,,つくねぎま,,心に響く☆HIBIKILLA,日本のレゲエミュージシャン、HIBIKILLA（ヒビキラー）さんについて語りましょう！,HIBIKILLA,みんなでわいわい,レゲエ,,,,,2014/4/29 3:06
0320-0326,,,NYAH☆,,Hot Chocolateとの出会いの曲は？,Hot Chocolateに思い入れがある方！Hot Chocolateを知ったきっかけになった曲や、好きな曲について話しませんか？,Hot Chocolate,みんなでわいわい,ソウル,,,,,2014/4/30 4:46
0320-0326,,,アレグロ♪,,HYのサウンド、気持ちいいなあ～,"沖縄出身のバンドですけど、聴きやすくていいですね～。
最近では、ドリカムの歌も歌ってますね。",HY,みんなでわいわい,J-POP,,,,,2014/4/29 21:27
0320-0326,,,NYAH☆,,I ROYの好きなアルバムは何ですか,数あるアルバムの中で、お気に入りのアルバムや一押しの名盤など語り合いませんか？,I ROY,みんなでわいわい,レゲエ,,,,,2014/4/29 12:26
0320-0326,,,19みつき28,,"J. Coleのアルバム""BORN SINNER""でどの曲が好き？","J. COLEのアルバム""BORN SINNER""の曲で、どれが一番好きですか？？
ちなみに私は、Amber CoffmanがヒューチャリングしてるShe knowsが好きです。
PVもかなり見入っていまいます。",J. COLE,みんなでわいわい,歌手,,,,,2014/4/28 17:35
0320-0326,,,ninomy617,,Jacson Sistersの中で日本人になじみのある曲は？,歌はいいのに、アルバム一枚しか出していないJacson Sisters。どの曲が一番日本人になじみがあると思いますか？,Jackson Sisters,みんなでわいわい,歌手,,,,,2014/4/30 5:06
0320-0326,,,レオレオ,,Jadakissが似合う帽子はどれですか？,Jadakissが似合う帽子はどれだと思いますかー？色とか形とか語り合いましょうー！,Jadakiss,みんなでわいわい,ファッション,,,,,2014/4/29 15:25
0320-0326,,,19みつき28,,JAGWAR MAってどんな曲歌ってるの？,"BBC Radio 6 Music Festivalについての記事を読んでいたらJAGWAR MAって人について書かれていたんですけど、どんな曲を作ってる人なんですか？
ご存知の方、教えて下さい~☆",JAGWAR MA,みんなでわいわい,歌手,,,,,2014/4/29 19:17
0320-0326,,,ninomy617,,Jimmy Eat Worldの曲で好きなものは？,Jimmy Eat Worldの「Sweetness」がなつかしい感じがして好きです。みなさんのJimmy Eat Worldの好きな曲を教えてください。,Jimmy Eat World,みんなでわいわい,歌手,,,,,2014/4/28 19:14
0320-0326,,,レオレオ,,JING TENGのこれからの活動について,JING TENGのこれからの活動について語り合いましょうー！脱退したという話もあったけれど。,JING TENG,みんなでわいわい,歌手,,,,,2014/4/30 2:42
0320-0326,,,NYAH☆,,Joss Stoneの魅力について,Joss Stoneの好きな所、どんな所に魅力を感じますか？楽しく語り合いましょう♪,Joss Stone,みんなでわいわい,R&B,,,,,2014/4/28 20:34
0320-0326,,,ヤマトタケルXYZ,,JOYSTICKKのヒット曲を教えてください。,"JOYSTICKKでヒットした曲はどんな曲がありますか？
最近気になるアーティストです。みなさんはどう思いますか？",JOYSTICKK,みんなでわいわい,歌手,,,,,2014/4/30 1:37
0320-0326,,,レオレオ,,JUDY AND MARYの曲で好きな曲を！,JUDY AND MARYの曲で好きな曲をみんなで語り合いましょう！どんな曲がお好きですか？,JUDY AND MARY,ゆるーくおしゃべり,J-POP,,,,,2014/4/29 5:28
0320-0326,,,レオレオ,,JUDY AND MARYってどういう意味なのですか？,JUDY AND MARYってどういう意味なのですか？深い意味とかがあるのですか？,JUDY AND MARY,今すぐ教えて！,J-POP,,,,,2014/4/30 9:18
0320-0326,,,レオレオ,,JUDY AND MARYが解散した理由って？,JUDY AND MARYが解散した理由ってなんでしょうか？ご存知の方は教えてください。,JUDY AND MARY,ご意見求む,J-POP,,,,,2014/4/27 17:55
0320-0326,,,ninomy617,,JULIO BASHMOREの魅力は？,フジロックでも、その実力を見せつけたJULIO　BASHMOREですが、その魅力を語りましょう！,JULIO BASHMORE,みんなでわいわい,歌手,,,,,2014/4/28 6:58
0320-0326,,,レオレオ,,Justin Mooreが一番似合うハットの色は！？,Justin Mooreが一番似合うハットの色はなんですか！？ハットすごく似合っていますよね！,Justin Moore,みんなでわいわい,ファッション,,,,,2014/4/28 21:20
0320-0326,,,NYAH☆,,Kaskadeのイチオシ曲で盛り上がろう！,Kaskadeの曲はメロディアスで聴いてて気持ちがいいですよね♪好きな曲とかいろいろ話しましょう。,Kaskade,みんなでわいわい,テクノ,,,,,2014/4/28 8:50
0320-0326,,,ヤマトタケルXYZ,,Kat Delunaでドライブで聴きたい曲は何ですか？,みなさんがドライブでKat Delunaを聴くならかけたい曲はなんですか？,Kat Deluna,みんなでわいわい,歌手,,,,,2014/4/29 23:26
0320-0326,,,レオレオ,,Katy Perryってなにで有名になったの？,Katy Perryってなにで有名になったのでしょうか？曲とかあれば教えてください。,Katy Perry,今すぐ教えて！,洋楽POPS,,,,,2014/4/28 15:14
0320-0326,,,レオレオ,,Katy Perryの今後の恋愛について,Katy Perryの今後の恋愛についてどう思いますか？離婚もされましたもんね。,Katy Perry,ご意見求む,洋楽POPS,,,,,2014/4/29 21:36
0320-0326,,,レオレオ,,Kid Rockのyoutube見たことがある方ー！,Kid Rockのyoutube見たことがある方ー！一番どの映像が感動しましたかー！？,Kid Rock,みんなでわいわい,歌手,,,,,2014/4/28 3:16
0320-0326,,,じゅえる,,Kings of Leonのニューアルバムを語ろう！,一番最近にリリースしたニューアルバムの中で、みなさんのお気に入りの曲って何でしたか？,Kings Of Leon,みんなでわいわい,歌手,,,,,2014/4/29 9:05
0320-0326,,,NYAH☆,,コブラ&ザ・ロータス かっこいいですね,コブラ&ザ・ロータス、今年は新曲も出るか楽しみですね。好きなポイント自由に話しませんか？,Kobra And The Lotus,みんなでわいわい,ロック,,,,,2014/4/28 22:27
0320-0326,,,NYAH☆,,KYTEの美しい旋律について,透き通るような旋律に癒されている人、たくさんいますよね♪お気に入りの曲など話しませんか？,KYTE,みんなでわいわい,ロック,,,,,2014/4/27 17:39
0320-0326,,,NYAH☆,,LADIES CODEの好きなメンバー,最近LADIES CODEに注目してます。好きなメンバーについて気軽に話しませんか？,LADIES CODE,みんなでわいわい,K-POP,,,,,2014/4/28 19:01
0320-0326,,,レオレオ,,LADY GAGAの曲で元気でた曲は！？,LADY GAGAの曲で元気でた曲をみんなで語り合いましょうーー！おすすめ曲でもＯＫ！,LADY GAGA,みんなでわいわい,洋楽POPS,,,,,2014/4/27 18:12
0320-0326,,,レオレオ,,LADY GAGAの身長ってどれくらい？,LADY GAGAの身長ってどれくらいなのでしょうか？高いイメージがありますが。,LADY GAGA,今すぐ教えて！,洋楽POPS,,,,,2014/4/29 12:08
0320-0326,,,レオレオ,,LADY GAGAの過去を知っている人,LADY GAGAの過去を知っている人へ！彼女の人生を教えてください！,LADY GAGA,ご意見求む,洋楽POPS,,,,,2014/4/28 15:12
0320-0326,,,じゅえる,,ラナデルレイの彼氏って？,ラナデルレイの彼氏って、過去にマリリンマンソンって報道があったと思いますがこの二人の、イメージってどう思いますか？,Lana Del Rey,みんなでわいわい,歌手,,,,,2014/4/29 22:17
0320-0326,,,レオレオ,,Laura Iziborの好きな曲はなんですか？,Laura Iziborの好きな曲はなんですか？一番好きな曲とかをぜひ教えてくださいー！,Laura Izibor,みんなでわいわい,歌手,,,,,2014/4/29 2:06
0320-0326,,,NYAH☆,,リオン・ウェアのプロデュース曲,マーヴィン・ゲイの「I Want You」でリオン・ウェアを知りました。他にもどんな楽曲を手掛けているのか気になります。情報交換し合いましょう。,Leon Ware,みんなでわいわい,R&B,,,,,2014/4/29 19:57
0320-0326,,,ヤマトタケルXYZ,,Lil Boosieのオススメの曲を教えてください。,"最近ヒップホップに興味を持ち始めて、Lil Boosieが好きになりました。
オススメの曲を教えてください。",Lil Boosie,みんなでわいわい,歌手,,,,,2014/4/29 4:54
0320-0326,,,アレグロ♪,,Linkin Parkの来日はないのかな？,"Linkin Park、生で聴いてみたいです。
来日とか、ライブってないのかなあ？　会ってみたい。",Linkin Park,ゆるーくおしゃべり,ロック,,,,,2014/4/29 14:42
0320-0326,,,レオレオ,,Linkin Parkの大好きな曲を教えてー！,Linkin Parkの大好きな曲を教えてくださいー！その曲をぜひ私も聴いてみたい！,Linkin Park,みんなでわいわい,ロック,,,,,2014/4/30 1:15
0320-0326,,,レオレオ,,Linkin Parkの新要素について,Linkin Parkのミュージックセンスについて、あなたはどのように感じておりますか？,Linkin Park,ご意見求む,ロック,,,,,2014/4/29 14:05
0320-0326,,,レオレオ,,Lloyd Banksのヒップホップの実力について,Lloyd Banksのヒップホップの実力について皆さんはどう思いますか？,Lloyd Banks,みんなでわいわい,歌手,,,,,2014/4/30 0:10
0320-0326,,,レオレオ,,LOCAL NATIVESを知ったきっかけって？,LOCAL NATIVESを知ったきっかけってなんですか？この曲を聴いたから！とか。,LOCAL NATIVES,みんなでわいわい,歌手,,,,,2014/4/29 2:59
0320-0326,,,19みつき28,,Luke Bryanのオススメ曲ありますか～？？,"私はカントリーってあんまり聞かないんですけど、Luke Bryanってアーティスト気になってます♪
カントリー初心者でも聴きやすいLuke Bryanのオススメあったら教えて下さい☆",Luke Bryan,みんなでわいわい,歌手,,,,,2014/4/28 7:16
0320-0326,,,19みつき28,,MARIOと言えばLet Me Love Youですよね？？,"MARIOと言えばLet Me Love youだと思うんですけど、みなさんのお気に入りってありますか～？
Ne-yoのイメージが強くて最近の曲とか知らないなぁ～。",MARIO,みんなでわいわい,歌手,,,,,2014/4/30 4:05
0320-0326,,,アレグロ♪,,Mallon5 カッコいいです！,"グラミー賞を獲得してるアーティストです。
でもあまり詳しく知らない。知ってること、教えてほしいです！",Maroon 5,みんなでわいわい,歌手,,,,,2014/4/28 19:05
0320-0326,,,レオレオ,,Maroon 5のアダムさんの彼女について,Maroon 5のアダムさんの彼女について。今後の恋愛とかどうなると思いますか？,Maroon 5,ご意見求む,オルタナ,,,,,2014/4/30 1:07
0320-0326,,,レオレオ,,Marvin Gayeのソロシンガーとしての実力,Marvin Gayeのソロシンガーとしての実力はどんなものだと思いますか？,Marvin Gaye,みんなでわいわい,歌手,,,,,2014/4/28 4:12
0320-0326,,,きみどりみどろ,,MATZKAの不思議な日本語が入っている歌詞,MATZKAのレゲエ（？）音楽は、台湾原住民音楽という事で日本語が使われてますね。面白い歌詞を検証しましょう！,MATZKA,みんなでわいわい,レゲエ,,,,,2014/4/30 4:31
0320-0326,,,19みつき28,,MAVADOの好きな曲教えて～♪♪,"私はNicki MinajがヒューチャリングしているGive It All To Meが好きです♪
みなさんのオススメとか好きな曲はどれですかー？？",MAVADO,みんなでわいわい,歌手,,,,,2014/4/28 1:43
0320-0326,,,19みつき28,,Metisって鈴木明子選手と交流があるの？？,"フィギュアスケートの鈴木明子選手とMetisと交流があるって本当ですか？
Mwtisと言えば母賛歌ですけど、鈴木選手もたくさん聴いていたんでしょうか(*^^*)",Metis,みんなでわいわい,歌手,,,,,2014/4/29 21:59
0320-0326,,,レオレオ,,Michael Jacksonのコピーってどれくらいいる？,Michael Jacksonのコピーってどれくらいいるのでしょうか？マネしている人とか,Michael Jackson,今すぐ教えて！,洋楽POPS,,,,,2014/4/29 9:46
0320-0326,,,レオレオ,,Michael Jacksonのマイナーな曲ってなんですか？,Michael Jacksonのマイナーな曲ってなんですか？有名なとｌころは知っているのですが,Michael Jackson,今すぐ教えて！,洋楽POPS,,,,,2014/4/30 5:41
0320-0326,,,レオレオ,,Michael Jacksonの有名なダンスってどれですか？,Michael Jacksonの有名なダンスってどれですか？一番有名なものを教えて！,Michael Jackson,今すぐ教えて！,洋楽POPS,,,,,2014/4/27 22:06
0320-0326,,,レオレオ,,Michael Jacksonのあの細さを維持する方法とは？,Michael Jacksonのあの細さを維持する方法とはなんですか？すごい細いですよね！,Michael Jackson,今すぐ教えて！,洋楽POPS,,,,,2014/4/27 20:57
0320-0326,,,レオレオ,,Michelle Williamsの髪型はどれが良いですか？,Michelle Williamsの髪型はどれが良いですか？ロングですか？ショートですか？,Michelle Williams,みんなでわいわい,ファッション,,,,,2014/4/28 16:02
0320-0326,,,レオレオ,,miwaとコラボしたら面白そうなアーティストは,"もしコラボするならだれとしてほしいですか？想像ですけど、してほしい
アーティスト挙げていきましょう！",miwa,みんなでわいわい,J-POP,,,,,2014/4/29 13:36
0320-0326,,,レオレオ,,miwaの新曲いつ発売？,"新曲はいつ発売するのでしょうか？そろそろ出そうですよね。
教えてください！",miwa,今すぐ教えて！,J-POP,,,,,2014/4/28 2:36
0320-0326,,,レオレオ,,miwaはアイドルじゃないですよね,"アイドルっぽいPOP見かけるんですが、アイドルではないですよね？
みなさんはどんな認識ですか？",miwa,ご意見求む,J-POP,,,,,2014/4/28 14:30
0320-0326,,,アレグロ♪,,miwa 主演女優になるらしい。,"早速、女優デビューなのかあ。
ファンの皆さんは、この話題、嬉しいですか？
ちょっと早い気もしないでもないけど・・・",miwa,みんなでわいわい,J-POP,,,,,2014/4/29 12:17
0320-0326,,,レオレオ,,miwaさんの曲はどんなときに聴く？,miwaさんの曲はどんなときに聴きますか？つらいときとかですか？,miwa,ご意見求む,J-POP,,,,,2014/4/28 23:26
0320-0326,,,レオレオ,,MODESELEKTORのジャンルを定義しよう！,MODESELEKTORのジャンルって難しいですよね？彼らの定義してみましょう！,MODESELEKTOR,みんなでわいわい,歌手,,,,,2014/4/29 11:36
0320-0326,,,アレグロ♪,,沖縄出身の３人組　MONGOL800,"MONGOL800　明るくてカッコいい音が好きです。
皆さんイチオシンの曲はどれですか？",MONGOL800 ,みんなでわいわい,J-POP,,,,,2014/4/28 8:49
0320-0326,,,レオレオ,,Mos Defが似合うメガネってどれだと思いますか？,Mos Defが似合うメガネってどれだと思いますか？細い系とか大きめとか！,Mos Def,みんなでわいわい,歌手,,,,,2014/4/29 14:17
0320-0326,,,NYAH☆,,これこそ破天荒、モトリー・クルー,ゴシップネタ満載のモトリー・クルーについて、いろんなエピソードを話しませんか？,Motley Crue,みんなでわいわい,メタル,,,,,2014/4/27 19:32
0320-0326,,,アレグロ♪,,ミスチルの魅力を語ってください！,"ミスチルの魅力は何ですか？
歌詞？メンバー？曲？　ずっと語り継がれる秘密が知りたいです。",Mr. Children,ゆるーくおしゃべり,J-POP,,,,,2014/4/30 7:56
0320-0326,,,19みつき28,,NATURAL WEAPONのオススメ知りたい♪,"NATURAL WEAPONってよく知らないんですけど、オススメとかありますか～？
初心者にも聴きやすい感じの曲あったら教えてください☆",NATURAL WEAPON,みんなでわいわい,歌手,,,,,2014/4/29 2:04
0320-0326,,,レオレオ,,Naughty Boyを知ったきっかけって？,Naughty Boyを知ったきっかけってなんですかー！？皆さんの思い出を聞かせて！,Naughty Boy,みんなでわいわい,歌手,,,,,2014/4/27 20:25
0320-0326,,,NYAH☆,,New Found Gloryの新曲はいつになるのか？,New Found Glory、そろそろ新曲が出てもいい頃ですよね。待ちきれない方、いろいろ語りませんか？,New Found Glory,みんなでわいわい,パンク,,,,,2014/4/28 17:15
0320-0326,,,レオレオ,,Nile Rodgersの学歴について語り合いましょうー！,Nile Rodgersの学歴について語り合いましょうー！生い立ちとかでもＯＫです！,Nile Rodgers,みんなでわいわい,歌手,,,,,2014/4/28 9:39
0320-0326,,,レオレオ,,Nirvanaの曲で心に響いた曲！,Nirvanaの曲で心に響いた曲をみんなで語り合いましょう！どんな曲がお好きですかー！？,Nirvana,みんなでわいわい,オルタナ,,,,,2014/4/29 0:16
0320-0326,,,レオレオ,,Nirvanaってどういう意味なんですかー？,Nirvanaってどういう意味なんですかー？由来とかあればぜひ教えてくださいー！,Nirvana,今すぐ教えて！,オルタナ,,,,,2014/4/29 14:57
0320-0326,,,レオレオ,,Nirvanaの名前の由来はなんで？,Nirvanaの名前の由来はなんで仏教用語にしたのでしょうか？もともと仏教とか？,Nirvana,ご意見求む,オルタナ,,,,,2014/4/29 1:19
0320-0326,,,NYAH☆,,NO DOUBT FLASHの歌詞が好き！,NO DOUBT FLASHはせつない歌詞がいいですよね。お気に入りの曲にとかわいわいかたりましょ。,NO DOUBT FLASH,みんなでわいわい,ヒップホップ,,,,,2014/4/27 20:06
0320-0326,,,レオレオ,,N'夙川BOYSの曲でよかった曲ってなんですか？,N'夙川BOYSの曲でよかった曲ってなんですか？皆さんのをぜひ教えてくださいー！,N'夙川BOYS,みんなでわいわい,歌手,,,,,2014/4/29 18:16
0320-0326,,,NYAH☆,,Obie Triceの好きなアルバムは？,EMINEMからObie Triceを知りました。オススメのアルバムとか彼の魅力について話しませんか？,Obie Trice,みんなでわいわい,ヒップホップ,,,,,2014/4/28 3:49
0320-0326,,,レオレオ,,Otis Reddingの歌声についてどう思いますか？,Otis Reddingの歌声についてどう思いますか？皆さんの思うところを教えてくださいー！,Otis Redding,みんなでわいわい,歌手,,,,,2014/4/29 22:22
0320-0326,,,NYAH☆,,OZROSAURUSのイチオシアルバム,私は「Rollin' 045  」しか聞いたことがなくて・・・みなさんのイチオシアルバム教えて下さい！,OZROSAURUS,みんなでわいわい,ヒップホップ,,,,,2014/4/29 18:46
0320-0326,,,レオレオ,,Panteraが解散してからも活動してほしい！,Panteraが解散してからも活動してほしいと心から願うわけですがもしこれから活動していくならばどんな活動をしたら彼らにとってふさわしいと思いますか？,Pantera,みんなでわいわい,歌手,,,,,2014/4/29 21:43
0320-0326,,,NYAH☆,,パラモアのここが好き！,パラモア好きな方、どんな所が好きですか？みんなで話しましょう。,Paramore,みんなでわいわい,ロック,,,,,2014/4/30 1:50
0320-0326,,,レオレオ,,Pharrellの似合う服装ってどんな？,Pharrellの似合う服装ってどんな服装だと皆さんは思いますかー！？,Pharrell,みんなでわいわい,歌手,,,,,2014/4/29 23:26
0320-0326,,,レオレオ,,PHUNK INVESTIGATIONのカッコイイ画像,PHUNK INVESTIGATIONのカッコイイ画像ってどの画像ですか？ジャケットとか！,PHUNK INVESTIGATION,みんなでわいわい,歌手,,,,,2014/4/28 11:14
0320-0326,,,きみどりみどろ,,昨年のポーター･ロビンソンの来日公演に行った！という方。,昨年フジロックのために来日し、その後10月にもイベントのために来日してライブをやったそうですが、ライブのようすについて知りたいです！行った方、どうでしたか？,PORTER ROBINSON,みんなでわいわい,レゲエ,,,,,2014/4/29 1:32
0320-0326,,,NYAH☆,,プリンスのアルバムどれが好き？,今までたくさんのアルバムが出てますが、お気に入りの１枚は何ですか？,PRINCE,みんなでわいわい,ロック,,,,,2014/4/28 3:53
0320-0326,,,NYAH☆,,QUATTROの魅力とは？,QUATTROの音、何だかおしゃれで聴いてて心地よいですよね♪みんなで魅力を語りませんか？,QUATTRO,みんなでわいわい,ロック,,,,,2014/4/28 1:28
0320-0326,,,NYAH☆,,Ray Foxxの代表曲と言えば？,これを聞けばRay Foxxが分かるよーという１曲をどんどんあげていきましょう☆,Ray Foxx,みんなでわいわい,ロック,,,,,2014/4/28 12:13
0320-0326,,,レオレオ,,Rick Rossの好きな曲を教えてください！,Rick Rossの好きな曲を教えてください！好きな曲をみんなで語り合いましょうー！,Rick Ross,みんなでわいわい,歌手,,,,,2014/4/29 9:12
0320-0326,,,NYAH☆,,RIDDIM HUNTERの活動に詳しい方,オムニバスでRIDDIM HUNTERを知って興味があるんですけど、どの辺を拠点に活動されているんでしょう？情報をどんどん下さい。,RIDDIM HUNTER,みんなでわいわい,テクノ,,,,,2014/4/28 5:37
0320-0326,,,じゅえる,,Ritaってリアーナに顔似てませんか？,初めて彼女の顔を見たとき、リアーナかと思ったんですけど髪型が似てた時だったのかなぁ。みなさんも、リアーナに似てると思った事ありませんか？,Rita Ora,みんなでわいわい,歌手,,,,,2014/4/28 11:44
0320-0326,,,レオレオ,,ROCKET FROM THE CRYPTが再結成した喜びを！,ROCKET FROM THE CRYPTが再結成した喜びをここに吐き出してしまいましょうー！,ROCKET FROM THE CRYPT,みんなでわいわい,歌手,,,,,2014/4/29 4:27
0320-0326,,,レオレオ,,Roll Deepの心に響いた曲を教えてー！,Roll Deepの心に響いた曲を教えてくださいー！皆さんのベストをぜひ！,Roll Deep,みんなでわいわい,歌手,,,,,2014/4/30 1:39
0320-0326,,,NYAH☆,,セクスミスは何から知りました？,コラボも多くていろんなアーティストがカバーもしてるので、セクスミスとの出会い曲は何だったか話しませんか？,RON SEXSMITH,みんなでわいわい,ワールドミュージック,,,,,2014/4/27 23:12
0320-0326,,,NYAH☆,,ロイ・エアーズのオススメアルバム,活動時期が長くて、アルバムもたくさん出てますが、どのアルバムが好きですか？みんなで語りあいましょう。,Roy Ayers,みんなでわいわい,レゲエ,,,,,2014/4/28 1:25
0320-0326,,,じゅえる,,ルーボイの格好良さを語ろう！,"みんなは、ルーボイのカッコいいところってどういうところだと思いますか？
曲や格好、何でもいいので語って下さい。",RUDEBWOY FACE,みんなでわいわい,歌手,,,,,2014/4/28 16:54
0320-0326,,,NYAH☆,,S.T.Mの最近の活動は？,アルバム「03」以降の活動に詳しい方！アルバムリリースとかされているんでしょうか？どんどん情報交換しましょう！,S.T.M,みんなでわいわい,ヒップホップ,,,,,2014/4/28 7:59
0320-0326,,,レオレオ,,SA.RI.NAのコラボ曲て好きな曲はありますか？,SA.RI.NAのコラボ曲て好きな曲はありますか？ぜひ教えてくださいー！,SA.RI.NA,みんなでわいわい,歌手,,,,,2014/4/28 1:51
0320-0326,,,レオレオ,,Sammy Hagarがボーカリストだった時代,Sammy Hagarがボーカリストだった時代ってどんな感じだったのですか？,Sammy Hagar,みんなでわいわい,歌手,,,,,2014/4/29 19:36
0320-0326,,,NYAH☆,,ショーン・キングストンのお気に入りの１曲は？,デビュー曲の「ビューティフル・ガールズ」から話題でしたが、みなさんのお気に入りの曲を自由に語りませんか？,Sean Kingston,みんなでわいわい,レゲエ,,,,,2014/4/29 2:22
0320-0326,,,レオレオ,,Sean Paulのこれからあるイベントについて,Sean Paulのこれからあるイベントについて情報ｌ交換し合いましょうーー！,Sean Paul,みんなでわいわい,レゲエ,,,,,2014/4/28 21:10
0320-0326,,,レオレオ,,SEEDAの結婚生活について語りましょう！,SEEDAの結婚生活について語りましょう！やっぱり良い結婚生活をされているんですかね？,SEEDA,みんなでわいわい,ヒップホップ,,,,,2014/4/28 23:59
0320-0326,,,レオレオ,,SELAH SUEって今の人聞くのですか？,SELAH SUEって今の人聞くのでしょうか？若い方で聴いた人はいませんかー？,SELAH SUE,みんなでわいわい,歌手,,,,,2014/4/29 10:42
0320-0326,,,レオレオ,,Shabba Ranksってどういう人だったの？,Shabba Ranksってどういう人だったのですかー？皆さんが知っている情報をぜひ！,Shabba Ranks,みんなでわいわい,レゲエ,,,,,2014/4/29 0:08
0320-0326,,,レオレオ,,Shaggyがノミネートした賞を全部！,Shaggyがノミネートした賞を全部教えてくださいー！どんな賞をとったのですかー？,Shaggy,みんなでわいわい,レゲエ,,,,,2014/4/29 8:35
0320-0326,,,レオレオ,,Sheryl Crowは実際どんな職業に向いている？,Sheryl Crowは実際どんな職業に向いている方だと思いますかー！？多彩な方ですもんね！,Sheryl Crow,みんなでわいわい,歌手,,,,,2014/4/29 6:21
0320-0326,,,NYAH☆,,SISTER KAYAのカバー癒されるよね,SISTER KAYAのたからものシリーズ好きな方、どの曲が好きですか？気軽に話しましょう。,SISTER KAYA,みんなでわいわい,レゲエ,,,,,2014/4/27 23:57
0320-0326,,,レオレオ,,Sister Sledgeで好きなメンバーは誰ですか？,Sister Sledgeで好きなメンバーは誰ですか？全員姉妹なので決めづらいですか？,Sister Sledge,みんなでわいわい,歌手,,,,,2014/4/28 5:52
0320-0326,,,レオレオ,,SIZZLAの心に残った曲ってありますか？,SIZZLAの心に残った曲ってありますか？知っている人はあるのでしょうか。。,SIZZLA,みんなでわいわい,レゲエ,,,,,2014/4/29 20:49
0320-0326,,,アレグロ♪,,SKE48　松井珠理奈,"まだ16歳？17歳？　すごい存在感ですね。
ちょっと応援しちゃってます。AKBでもセンター狙って頑張って欲しい！",SKE48,みんなでわいわい,アイドル,,,,,2014/4/27 21:52
0320-0326,,,NYAH☆,,スクリレックスのあるばむについて,待望のニューアルバムが発売されましたね。新曲について楽しく話しましょう♪,Skrillex,みんなでわいわい,ダンス,,,,,2014/4/29 12:37
0320-0326,,,NYAH☆,,スライ&ザ・ファミリー・ストーンの好きなアルバム,名盤が多くて語り尽くせませんが、好きなアルバムはズバリなんでしょう？,Sly & The Family Stone,みんなでわいわい,レゲエ,,,,,2014/4/28 4:06
0320-0326,,,レオレオ,,SMUJJIの人生を振り返ってみよう！,SMUJJIの人生を振り返ってみませんか！学歴とか経歴とか情報交換しましょう！,SMUJJI,みんなでわいわい,レゲエ,,,,,2014/4/28 1:46
0320-0326,,,レオレオ,,SO.ON Projectの中で好きな人だれですか？,SO.ON Projectの中で好きな人だれですか？全員かわいいと思いますが決めてください！,SO.ON Project,みんなでわいわい,歌手,,,,,2014/4/30 1:05
0320-0326,,,NYAH☆,,ソランジュのズバリ好きなとこ！,ソランジュのアルバム、曲、ルックスなど好きな所をどんどんあげていこう！,Solange,みんなでわいわい,R&B,,,,,2014/4/29 9:34
0320-0326,,,レオレオ,,Something Corporateを知ったきっかけ曲,Something Corporateを知ったきっかけ曲って皆さんはなんですかー！？ぜひ教えて！,Something Corporate,みんなでわいわい,歌手,,,,,2014/4/30 7:05
0320-0326,,,レオレオ,,あなたにとってのSPARKSの名曲とは！？,あなたにとってのSPARKSの名曲をぜひ皆さんで語り合うというのはいかがですか！？,SPARKS,みんなでわいわい,歌手,,,,,2014/4/29 11:00
0320-0326,,,レオレオ,,Speechの出したアルバムでどれが？,Speechの出したアルバムでどれが皆さんはお好きですかー！？ぜひ教えてー！,Speech,みんなでわいわい,歌手,,,,,2014/4/29 5:24
0320-0326,,,NYAH☆,,Spineshankの好きなアルバムは？,Spineshank好きな方！１番好きなアルバムは何ですか？みんなで語りましょう。,Spineshank,みんなでわいわい,歌手,,,,,2014/4/29 13:26
0320-0326,,,NYAH☆,,Steel Pantherの新譜が楽しみ,もうすぐアルバムが発売されるの楽しみですね！新曲が聞けるまで、Steel Pantherについて自由に語りましょう。,Steel Panther,みんなでわいわい,歌手,,,,,2014/4/29 2:51
0320-0326,,,レオレオ,,STEREOPHONICSの大好きなアルバム！,STEREOPHONICSの大好きなアルバムをぜひ紹介しあうことにいたしましょう！,STEREOPHONICS,みんなでわいわい,歌手,,,,,2014/4/28 15:29
0320-0326,,,NYAH☆,,ズバリ！スティービーの好きな曲,本当に名曲揃いで１曲に絞れないと思いますが、好きな曲をみんなでどんどんあげていこう！,Stevie Wonder,みんなでわいわい,歌手,,,,,2014/4/29 6:50
0320-0326,,,レオレオ,,Stingを知ったきっかけってなんですか？,Stingを知ったきっかけってなんですか？曲とかイベントとかが多いのでしょうか？,Sting,みんなでわいわい,ソウル,,,,,2014/4/29 2:43
0320-0326,,,レオレオ,,Stone Sourのハートが響いた曲！,Stone Sourのハートが響いた曲をあつーく語りあうことにしましょうよー！,Stone Sour,みんなでわいわい,歌手,,,,,2014/4/28 11:04
0320-0326,,,NYAH☆,,ＳＹＬは復活しないのか？,もう活動しなくなって大分経ちますが、復活はないですかね・・・今も好きで聞いている曲とかありますか？,Strapping Young Lad,みんなでわいわい,歌手,,,,,2014/4/30 4:23
0320-0326,,,レオレオ,,Stumble Bumの好きな曲を紹介してー！,Stumble Bumの好きな曲を紹介してくださいー！この曲がオススメ！っていう曲をぜひ！,Stumble Bum,みんなでわいわい,歌手,,,,,2014/4/27 21:33
0320-0326,,,レオレオ,,Swedish House Mafiaを知ったアルバム,Swedish House Mafiaを知ったアルバムってありますか？もちろん曲でも良いんですが。,Swedish House Mafia,みんなでわいわい,歌手,,,,,2014/4/29 15:32
0320-0326,,,レオレオ,,Takujiが似合う趣味ってなんですかー？,Takujiが似合う趣味ってなんだと思いますかー！？創作はいっぱいありますもんね！,Takuji,みんなでわいわい,歌手,,,,,2014/4/28 9:36
0320-0326,,,レオレオ,,TAK-Zの似合うかっこって？,TAK-Zの似合うかっこってなんだと思いますかー！？ファッションについてです！,TAK-Z,みんなでわいわい,歌手,,,,,2014/4/29 22:07
0320-0326,,,レオレオ,,The Emotionsの好きな曲を語りましょう！,The Emotionsの好きな曲を語りましょう！皆さんはどんな曲がお好きでしたか？,The Emotions,みんなでわいわい,歌手,,,,,2014/4/28 19:46
0320-0326,,,レオレオ,,The Hellacoptersが活動復活するために！,The Hellacoptersが活動復活するために！私ができることを探そうではありませんか！,The Hellacopters,みんなでわいわい,歌手,,,,,2014/4/29 3:09
0320-0326,,,レオレオ,,THE INRUN PUBLICSの好きな曲を教えてー！,THE INRUN PUBLICSの好きな曲を教えてください！この曲はオススメっていう曲です！,THE INRUN PUBLICS,みんなでわいわい,歌手,,,,,2014/4/28 10:30
0320-0326,,,レオレオ,,The Isley Brothersってどんな方々だったのですか？,昔のことはあんまり知らなくて、The Isley Brothersってどんな方々だったのですか？,The Isley Brothers,みんなでわいわい,歌手,,,,,2014/4/27 22:55
0320-0326,,,レオレオ,,The Jacksonsメンバーが似合う髪形,The Jacksonsメンバーが似合う髪形はどんな髪型ですか！？アフロ以外でー！,The Jacksons,みんなでわいわい,ファッション,,,,,2014/4/28 12:57
0320-0326,,,レオレオ,,The Lumineersのビデオで気に入った,The Lumineersのビデオで気に入った映像とかありますか？youtubeでもＯＫ－！,The Lumineers,みんなでわいわい,歌手,,,,,2014/4/30 5:17
0320-0326,,,レオレオ,,THE MAD CAPSULE MARKETSが活動再開するために！,THE MAD CAPSULE MARKETSが活動再開するために私たちにはなにができますかー？,THE MAD CAPSULE MARKETS,みんなでわいわい,歌手,,,,,2014/4/29 18:52
0313-0319,,,レオレオ,,The Temptationsの好きな曲はなんですか？,The Temptationsの好きな曲はなんですかー？これを聴いて好きになった曲とかぜひ！,The Temptations,みんなでわいわい,歌手,,,,,2014/4/28 12:17
0313-0319,,,レオレオ,,THE THREE DEGREESの一番良かったトリオ,THE THREE DEGREESの一番良かったトリオってどのトリオだったと思いますかー！？,THE THREE DEGREES,みんなでわいわい,歌手,,,,,2014/4/28 12:28
0313-0319,,,レオレオ,,あなたの思うThe Trammpsの名曲,あなたの思うThe Trammpsの名曲を１つだけぜひ教えてくださいー！,The Trammps,みんなでわいわい,歌手,,,,,2014/4/28 1:11
0313-0319,,,レオレオ,,The Weather Girlsって今なにをしているの？,The Weather Girlsって今なにをしているのですかー？まだしっかり活動していますか？,The Weather Girls,みんなでわいわい,歌手,,,,,2014/4/29 11:11
0313-0319,,,レオレオ,,The Weekndの良かった曲を語りましょう！,The Weekndの良かった曲を語りましょう！この曲ほんとに良かったという曲です！,The Weeknd,みんなでわいわい,歌手,,,,,2014/4/28 23:49
0313-0319,,,レオレオ,,The Yellow Monkeyが活動再開するために！,The Yellow Monkeyが活動再開するためにあなたができることを考えましょう！,The Yellow Monkey,みんなでわいわい,歌手,,,,,2014/4/27 19:18
0313-0319,,,レオレオ,,The-Dreamが手がけた作品を,The-Dreamが手がけた作品ってどれくらいありますか？情報交換しましょうー！,The-Dream,みんなでわいわい,歌手,,,,,2014/4/30 0:49
0313-0319,,,レオレオ,,THEGZETTEのメンバー誰が好き？,THEGZETTEのメンバー誰が好きですか！？なんで好きかも教えてくださいー！,THEGZETTE,みんなでわいわい,歌手,,,,,2014/4/28 19:50
0313-0319,,,レオレオ,,Tiestoの年収ってどれくらいなんですかね？,Tiestoの年収ってどれくらいなんですかね？世界１位と言われたくらい？,Tiesto,みんなでわいわい,歌手,,,,,2014/4/29 21:00
0313-0319,,,レオレオ,,Timbalandの曲でよかった曲とか教えてー！,Timbalandの曲でよかった曲とか教えてくださいー！みんなで語りましょうー！,Timbaland,みんなでわいわい,歌手,,,,,2014/4/29 18:20
0313-0319,,,レオレオ,,Tinie Tempahのこれからの活動について,Tinie Tempahのこれからの活動について語り合いましょうー！どのように成長するとか！,Tinie Tempah,みんなでわいわい,歌手,,,,,2014/4/28 20:32
0313-0319,,,レオレオ,,TOM ODELLの家系について！,TOM ODELLの家系について語りましょう！お父さんはどんな人でみたいな感じで！,TOM ODELL,みんなでわいわい,歌手,,,,,2014/4/28 0:51
0313-0319,,,レオレオ,,Toni Braxtonが出したアルバムでよかった,Toni Braxtonが出したアルバムでよかったアルバムをみんなで語り合いましょうー！,Toni Braxton,みんなでわいわい,歌手,,,,,2014/4/29 22:04
0313-0319,,,レオレオ,,U-ROYの感動した曲を語りましょうー！,U-ROYの感動した曲を語りましょうー！心に響いた曲とかあればぜひ！,U-ROY,みんなでわいわい,レゲエ,,,,,2014/4/28 4:01
0313-0319,,,レオレオ,,Van Halenがすごい理由を語りましょう！,全国的に人気をほこってきましたVan Halenがすごい理由を語りましょう！,Van Halen,みんなでわいわい,歌手,,,,,2014/4/27 18:32
0313-0319,,,レオレオ,,Vanessa Williamsの名曲といえば！？,あなたの思うVanessa Williamsの名曲といえばなんですかー！？名曲交換しましょう！,Vanessa Williams,みんなでわいわい,歌手,,,,,2014/4/27 21:55
0313-0319,,,レオレオ,,VIXXの曲で好きな曲はありますか？,VIXXの曲で好きな曲はありますか？オススメとかぜひ教えてくださいませんか！,VIXX,みんなでわいわい,歌手,,,,,2014/4/29 7:01
0313-0319,,,レオレオ,,Voice Mailのメンバーで好きな人！,Voice Mailのメンバーで誰が好きですかー！？この人がすごく良いよ！っていう人をぜひ！,Voice Mail,みんなでわいわい,レゲエ,,,,,2014/4/29 13:17
0313-0319,,,レオレオ,,Vybz Kartelのこれからはどうなるのかな？,Vybz Kartelのこれからはどうなると思いますかー？音楽活動してくれないのかな。。,Vybz Kartel,みんなでわいわい,レゲエ,,,,,2014/4/28 18:16
0313-0319,,,レオレオ,,Wayne Wonderの心に残った曲,Wayne Wonderの心に残った曲ってなんですか？感動した曲とかをぜひ！,Wayne Wonder,みんなでわいわい,レゲエ,,,,,2014/4/28 8:38
0313-0319,,,レオレオ,,Whiteberryが活動していたらどんなことを,Whiteberryが活動していたらどんなことをしていると思いますかー！？,Whiteberry,みんなでわいわい,歌手,,,,,2014/4/30 1:49
0313-0319,,,レオレオ,,will.i.amのyoutubeで良かったのは？,will.i.amのyoutubeで良かったのはどれですかー？みんなで情報交換だー！,will.i.am,みんなでわいわい,ヒップホップ,The Black Eyed Peas,,,,2014/4/30 8:26
0313-0319,,,レオレオ,,Wiz Khalifaのよかったアルバムとか！,Wiz Khalifaのよかったアルバムってありますか！？ぜひ語りましょうーー！,Wiz Khalifa,みんなでわいわい,歌手,,,,,2014/4/29 1:53
0313-0319,,,レオレオ,,Wolfmotherのメンバーの中で好きな人！,Wolfmotherのメンバーの中で好きな人は誰ですかー！？選び放題ですね！,Wolfmother,みんなでわいわい,歌手,,,,,2014/4/29 23:01
0313-0319,,,レオレオ,,Wu-Tang Clanの良かった曲とか,Wu-Tang Clanの良かった曲とかをぜひ語り合いましょうー！この曲は良い！とか！,Wu-Tang Clan,みんなでわいわい,歌手,,,,,2014/4/28 20:18
0313-0319,,,レオレオ,,WYCLEF JEANはピンでよかった？,WYCLEF JEANはピンでよかったでしょうか？それともグループでいたときが良かったでしょうか！？,WYCLEF JEAN,みんなでわいわい,ワールドミュージック,,,,,2014/4/28 8:56
0313-0319,,,レオレオ,,ZIGGY MARLEYの似合う髪形とは！？,ZIGGY MARLEYの似合う髪形とはなんですか！？皆さんの独断と偏見で！,ZIGGY MARLEY,みんなでわいわい,ファッション,,,,,2014/4/27 17:36
0313-0319,,,レオレオ,,アルカラの好きな曲はなんですか？,アルカラの好きな曲はなんですか？知っている人がおられましたらぜひ！,アルカラ,みんなでわいわい,歌手,,,,,2014/4/28 18:47
0313-0319,,,レオレオ,,イム・チャンジョンさんは今の顔が好き？,イム・チャンジョンさんは今の顔が好きですか？それとも前の顔が好きですか？,イム・チャンジョン,みんなでわいわい,歌手,,,,,2014/4/28 14:29
0313-0319,,,レオレオ,,メジャーに行かないのか、いけないのか？,メジャーに行かないのか、行かないのか。インディーズにいるメリットって何かあるんですか？,インディーズ,ご意見求む,インディーズ,,,,,2014/4/28 10:23
0313-0319,,,アメリカザリガニ,,テクノ曲が作りたいです,テクノ系のイイカンジの曲作ってみたいのですが、どうやって作ったらいいですか？教えてください！,ダンス/ハウス/テクノ,今すぐ教えて！,テクノ,,,,,2014/4/27 22:02
0313-0319,,,アメリカザリガニ,,テクノの入門としておすすめを,テクノ曲の入門としておすすめありませんか？ちょっと古めの曲だと嬉しいです。,ダンス/ハウス/テクノ,ご意見求む,テクノ,,,,,2014/4/29 12:24
0313-0319,,,アメリカザリガニ,,ハウス曲語りましょう！！！,KENNY BOBIENの曲が好きです！ハウス系好きな人かたってください！！,ダンス/ハウス/テクノ,ゆるーくおしゃべり,ハウス,,,,,2014/4/29 2:24
0313-0319,,,レオレオ,,メタルのお勧めのバンドは？,メタルバンドのお勧めのバンドを教えてください！邦楽でも洋楽でもどっちでもOKです！,ハードロック/メタル,今すぐ教えて！,ハードロック,メタル,,,,2014/4/28 8:55
0313-0319,,,レオレオ,,ちゃんとハードロックしてるバンドを教えてください！,"最近のバンドでしっかりハードロックしているバンドを教えてください！
洋楽でお願いします！",ハードロック/メタル,今すぐ教えて！,ハードロック,メタル,,,,2014/4/29 22:55
0313-0319,,,レオレオ,,ここ最近のメタルバンドのお勧め,"最近のメタルバンドのお勧めの曲を教えてください！
洋楽でも邦楽でもどっちでもいいです！",ハードロック/メタル,今すぐ教えて！,ハードロック,メタル,,,,2014/4/30 2:06
0313-0319,,,レオレオ,,昔と今のハードロックではどっちがいい？,"昔と現代ハードロックってかなり違うように感じますけど、どっちが好みの人が多いんでしょうか？
みなさんの意見をください！",ハードロック/メタル,ご意見求む,ハードロック,メタル,,,,2014/4/28 21:38
0313-0319,,,レオレオ,,最近のバンドのパフォーマンスってどうなの？,"ライブでのパフォーマンスって最近のバンドはどうなんでしょうか？
派手なバンドはいますか？意見をください",ハードロック/メタル,ご意見求む,ハードロック,メタル,,,,2014/4/29 3:38
0313-0319,,,レオレオ,,オアシスのデモカセットが復刻！,"オアシスのデビュー前のデモカセットが復刻版で発売決定です！
1993年の物で当時はわずか8本しかなかった超レアな物。見逃せません！",ハードロック/メタル,ＰＲさせて,ハードロック,メタル,,,,2014/4/29 4:31
0313-0319,,,レオレオ,,ハイジさんってビジュアル系バンドですよね,ハイジさんって、ビジュアル系バンドという奴ですよね？ビジュアル系バンドってどう思いますか？,ハイジ,みんなでわいわい,レゲエ,,,,,2014/4/30 4:32
0313-0319,,,レオレオ,,パスピエさんのツアーって,パスピエさんって、今度ツアーをされますよね。とても行きたかったです。対バンはまぁまぁ豪華ですね。,パスピエ,みんなでわいわい,歌手,,,,,2014/4/28 15:40
0313-0319,,,アレグロ♪,,ラウドロックの決定版,"「SHOUT！」っていうアルバムを勧められました。
どの曲がいいですか？ラウドロック、あまり知らないので教えてください。",パンク/ラウドロック,みんなでわいわい,パンク,ラウドロック,,,,2014/4/28 11:38
0313-0319,,,レオレオ,,ライブが音源よりも良いバンドを教えて！,"ライブの演奏が音源よりもカッコいいバンドを教えてください！
お勧めの映像なんかもあったらお願いします！",パンク/ラウドロック,今すぐ教えて！,パンク,ラウドロック,,,,2014/4/28 13:43
0313-0319,,,レオレオ,,お勧めのラウドロックを教えて！,"お勧めのラウドロックの曲を教えてください！
いいアルバムなんかもあったら一緒にお願いします！",パンク/ラウドロック,今すぐ教えて！,パンク,ラウドロック,,,,2014/4/29 2:05
0313-0319,,,レオレオ,,聴く人を選びそうなバンドを教えてください！,聴く人を選びそうなバンドを教えてください！細かいジャンルは指定しません！,パンク/ラウドロック,今すぐ教えて！,パンク,ラウドロック,,,,2014/4/27 23:39
0313-0319,,,レオレオ,,初心者も入りやすいバンドは？,"初心者に勧めやすいこのジャンルのバンドってどこがありますか？
よさそうな曲も一緒にお願いします！",パンク/ラウドロック,今すぐ教えて！,パンク,ラウドロック,,,,2014/4/28 13:15
0313-0319,,,レオレオ,,今年売れそうなバンドは？,"今年一気に来そうな予感のあるバンドってありますか？
皆さんの意見を下さい！",パンク/ラウドロック,ご意見求む,パンク,ラウドロック,,,,2014/4/27 20:26
0313-0319,,,レオレオ,,もっと増えてほしい感じのバンドは？,"もっとこういう感じの活動をする、方向性のバンドが増えてほしいっていうのは
ありますか？皆さんの意見ください！",パンク/ラウドロック,ご意見求む,パンク,ラウドロック,,,,2014/4/30 7:02
0313-0319,,,レオレオ,,聴きこむようになる基準は？,"聴きこもうと思う基準って何かありますか？
逆にこれがあるから聴きこまないっていうのはあるんでしょうか？",パンク/ラウドロック,ご意見求む,パンク,ラウドロック,,,,2014/4/27 19:35
0313-0319,,,レオレオ,,好きなバンドの傾向ってありますか？,"好きになるバンドの傾向って何かありますか？
みなさんはどんな感じのバンドを好んで聞くんでしょうか？",パンク/ラウドロック,ご意見求む,パンク,ラウドロック,,,,2014/4/29 19:21
0313-0319,,,レオレオ,,このジャンルにハマった切っ掛けは？,"このジャンルにハマった切っ掛けってなんでしたか？
普通にラジオで流れている頻度もちょっと前まで少なかったですよね",パンク/ラウドロック,ご意見求む,パンク,ラウドロック,,,,2014/4/30 3:15
0313-0319,,,レオレオ,,ライブに行けるならどのバンドに行きたい？,"今ライブに行けるならどのバンドのライブに行きたいですか？
解散していないバンドだったらどこがいいのでしょう？意見ください！",パンク/ラウドロック,ご意見求む,パンク,ラウドロック,,,,2014/4/28 1:31
0313-0319,,,レオレオ,,あの人の声が手に入るなら、誰の声が欲しい？,"もしも思い通りの人の声が手に入るならだれの声が欲しいですか？
皆さんの意見を下さい！",パンク/ラウドロック,ご意見求む,パンク,ラウドロック,,,,2014/4/30 4:57
0313-0319,,,レオレオ,,カラオケで歌ったら意外といけそうだった曲を挙げていく,"カラオケでダメ元で歌ったら意外と歌える、歌えそうな曲を挙げていきましょう！
今度行ったときに歌ってみるのもいいかもしれませんね。",パンク/ラウドロック,ＰＲさせて,パンク,ラウドロック,,,,2014/4/29 21:43
0313-0319,,,アメリカザリガニ,,日本語のヒップホップについて,日本語のヒップホップってあまり好きじゃないのですけど、日本語ヒップホップの良さをおしえてください。,ヒップホップ,ご意見求む,ヒップホップ,,,,,2014/4/30 3:34
0313-0319,,,アメリカザリガニ,,ヒップホップの名曲といえば,個人的にはChildren'sStoryが名曲だと思ってます。皆さんが思う名曲ってなんだとおもいますか？,ヒップホップ,ご意見求む,ヒップホップ,,,,,2014/4/29 5:44
0313-0319,,,アメリカザリガニ,,slick rickの曲,Children's Storyの他にどんな曲がありましたっけ？ど忘れしてしまったのでおしえてください。,ヒップホップ,今すぐ教えて！,ヒップホップ,,,,,2014/4/29 14:11
0313-0319,,,アメリカザリガニ,,HIPHOPの大会,HIPHOPの大会とかってあるんですか？気になるのでぜひ教えてください！,ヒップホップ,今すぐ教えて！,ヒップホップ,,,,,2014/4/29 9:39
0313-0319,,,レオレオ,,ベッキーさんってオールマイティ,ベッキーさんって、歌手にタレントに女優に、たくさんのことをこなしていてすごいなと思います。どう思いますか？,ベッキー,みんなでわいわい,J-POP,,,,,2014/4/29 14:25
0313-0319,,,レオレオ,,モーニング娘。誰が好き？,"新旧関係なしに一番好きなメンバーは誰ですか？
懐かしさをこらえて語りましょう！",モーニング娘。,みんなでわいわい,アイドル,,,,,2014/4/29 17:52
0313-0319,,,レオレオ,,モーニング娘。で一番いい曲は？,"一期から現在までで一番お勧めないい曲を教えてください！
当時もあまり聞かなかったのでお願いします！",モーニング娘。,今すぐ教えて！,アイドル,,,,,2014/4/28 2:11
0313-0319,,,レオレオ,,モーニング娘。はもういっかい来る？,"新になってからちょっと経ちますが、もう一回ブームは来ると思いますか？
意見ください！",モーニング娘。,ご意見求む,アイドル,,,,,2014/4/29 11:42
0313-0319,,,アレグロ♪,,今夏のフェス　オススメは？,"やっと暖かくなってきました！
これから夏に向けて、オススメのフェスを教えてください！",ライブ/フェス好き,ゆるーくおしゃべり,ライブ,,,,,2014/4/29 15:03
0313-0319,,,レオレオ,,ラガラボMUSIQさんの写真の・・・,ラガラボMUSIQさんのプロフィールの写真なんですけど、真ん中の方ってオシャレですよね！,ラガラボMUSIQ,みんなでわいわい,レゲエ,,,,,2014/4/27 17:12
0313-0319,,,レオレオ,,SKAのかっこいバンド教えて！,"邦楽でカッコいいSKAバンドを教えてください！
好きだったバンドが解散したんで新しいバンドを探してます。",レゲエ/SKA,今すぐ教えて！,SKA,,,,,2014/4/29 17:02
0313-0319,,,レオレオ,,気になってるけど聴いてない曲を聴いてみるスレ,"気になってたけどずっと聴いてなかった曲を聴いて挙げていきましょう。
こんな機会でもないと語る機会もないですし。",ワールドミュージック,ゆるーくおしゃべり,ワールドミュージック,,,,,2014/4/29 18:09
0313-0319,,,レオレオ,,インスト系でおすすめの曲,インスト系でおすすめの曲を教えてください！メロディラインがカッコいい曲が聞いてみたいです！,ワールドミュージック,今すぐ教えて！,ワールドミュージック,,,,,2014/4/28 3:47
0313-0319,,,レオレオ,,弦楽器でおすすめの曲を教えて！,"弦楽器メインの曲のお勧めを教えてください！
国はどこでもOKです！",ワールドミュージック,今すぐ教えて！,ワールドミュージック,,,,,2014/4/28 14:33
0313-0319,,,アメリカザリガニ,,ワールド・ミュージックのお店,ワールド・ミュージックを専門に扱っているお店をおしえていただけませんか？できれば関東でお願いします。,ワールドミュージック,ご意見求む,ワールドミュージック,,,,,2014/4/28 2:57
0313-0319,,,アメリカザリガニ,,ワールド・ミュージックが聞きたいです,ワールド・ミュージックをラジオで聞きたいのですが、何か良いアプリとかご存知ないでしょうか？,ワールドミュージック,ご意見求む,ワールドミュージック,,,,,2014/4/28 10:54
0313-0319,,,アメリカザリガニ,,ワールド・ミュージックのラジオが聞けるサイト,web上でワールド・ミュージックのラジオがきけるサイト探してます。おすすめのサイトありませんか(；一_一),ワールドミュージック,今すぐ教えて！,ワールドミュージック,,,,,2014/4/29 20:44
0313-0319,,,アメリカザリガニ,,おすすめミュージシャン,おすすめのミュージシャン教えてください！ヽ(=´▽`=)ﾉ自分はLeahyが好きです！,ワールドミュージック,ゆるーくおしゃべり,ワールドミュージック,,,,,2014/4/27 23:24
0313-0319,,,レオレオ,,使ってる再生アプリを語る,"スマホなどで使ってる再生アプリってどんなものが良いんでしょうか？
皆さんの意見を下さい！",一押しアプリ/サイト,ご意見求む,すごすぎる,,,,,2014/4/28 19:45
0313-0319,,,アレグロ♪,,映画音楽ならコレ！って曲,"印象に残る曲、思い出深い曲って何ですか？
皆さんのご意見、たくさん聞きたいです。",映画音楽好き,ゆるーくおしゃべり,映画,,,,,2014/4/30 7:51
0313-0319,,,アレグロ♪,,映画を見た後で聴く主題歌。,"私、映画を見終わった後にエンドロールをバックに流れる曲を聴くのが好きです。
映画館は音響が最高！映画と合わせて、とっても幸せな気分に浸れます。",映画音楽好き,ゆるーくおしゃべり,映画,,,,,2014/4/30 0:59
0313-0319,,,レオレオ,,エレクトロっぽい映画のサントラを教えて！,"エレクトロ物っぽい音が多い映画のサントラを教えてください！
未来ものとかそういう映画になるんでしょうか？",映画音楽好き,今すぐ教えて！,映画,,,,,2014/4/29 15:38
0313-0319,,,レオレオ,,作品によくあったエンドロール曲は？,"映画館で見ていてエンドロールと曲がぴったりだった曲を教えてください！
ハッピーエンドを連想する曲でお願いします！",映画音楽好き,今すぐ教えて！,映画,BGM,,,,2014/4/28 5:22
0313-0319,,,レオレオ,,回想シーンで流れそうな曲を教えて！,"回想シーンで使われそうな曲を教えてください！
映画の中の曲でもOKです！インストでお願いします！",映画音楽好き,今すぐ教えて！,映画,BGM,,,,2014/4/29 19:08
0313-0319,,,レオレオ,,シャーシャンクの空にの挿入歌はなに？,"刑務所で流していた曲のタイトルが知りたいです！いい曲だったので探しています！
知ってる方教えてください！",映画音楽好き,今すぐ教えて！,映画,BGM,,,,2014/4/29 9:15
0313-0319,,,レオレオ,,ロック調の曲が多い映画は？,"ロック調の曲が多く使われている映画を教えてください！
サントラも出ていたらお願いします！",映画音楽好き,ご意見求む,映画,,,,,2014/4/29 12:58
0313-0319,,,レオレオ,,どんな映画音楽が好き？,"どんな映画音楽を好んで聞きますか？
皆さんの良く聞くジャンルの映画音楽の意見を下さい！",映画音楽好き,ご意見求む,映画,,,,,2014/4/29 9:41
0313-0319,,,レオレオ,,シーンとマッチしていると思った音楽は？,"シーンとこの曲はマッチしているなと思った曲はなにかありますか？
インストでもボーカル有でも意見ください！",映画音楽好き,ご意見求む,映画,BGM,,,,2014/4/29 4:30
0313-0319,,,レオレオ,,この映画はこのアーティストが良かった,"この映画はしいて言うならこのアーティストにテーマ曲をやってほしかったとかありますか？
皆さんの秘めてる意見を下さい！",映画音楽好き,ご意見求む,映画,,,,,2014/4/28 17:29
0313-0319,,,レオレオ,,休日によく合う映画音楽は？,"休日に聴きたくなる映画音楽はどの作品でしょうか？
皆さんの意見を下さい！",映画音楽好き,ご意見求む,映画,,,,,2014/4/27 19:43
0313-0319,,,レオレオ,,一番有名な映画音楽は何？,"一番知名度の高い映画音楽はなんだと思いますか？
皆さんの意見を聞かせてください！",映画音楽好き,ご意見求む,映画,,,,,2014/4/29 5:15
0313-0319,,,レオレオ,,耳に残ってる映画音楽,"耳に残ってる映画音楽を挙げていきましょう！
ジャンルも国もどこでもOKです！",映画音楽好き,ＰＲさせて,映画,,,,,2014/4/27 22:50
0313-0319,,,レオレオ,,弾き語りで上手い人を教えて！,弾き語りが上手いアーティストを教えてください！邦楽でも洋楽でもどっちでもOKです！,音楽なんでも好き,今すぐ教えて！,懐かしの〇〇,,,,,2014/4/28 5:20
0313-0319,,,レオレオ,,STELLARって体で勝負してるんですか？,"PV見る限り歌より見た目というか、エロさで勝負しているように思えたんですが
やりすぎじゃないんでしょうか？みなさんはどう思いますか？",芸能音楽ニュース,ご意見求む,あるある,,,,,2014/4/30 3:50
0313-0319,,,レオレオ,,日本なのに韓国の話題大杉,"日本のネットなのに音楽ニュースも韓国の話題が多すぎる気がします。
求めている人がいるんでしょうか？みなさんはどう思いますか？",芸能音楽ニュース,ご意見求む,あるある,,,,,2014/4/29 9:15
0313-0319,,,レオレオ,,Silent　Sirenってどうなの？,"読モバンドのSilent　Sirenってどうなんでしょうか？
話題性はありますけどみなさんどう思いますか？",芸能音楽ニュース,ご意見求む,ファッション,,,,,2014/4/30 2:08
0313-0319,,,レオレオ,,赤西仁はどうするんでしょうか？,"契約更新しなかったようですが、これからどうするんでしょうか？
ファンの人的にはどうなんですか？",芸能音楽ニュース,ご意見求む,芸能人,,,,,2014/4/29 4:50
0313-0319,,,レオレオ,,高井俊輔さんについて皆さんはどう思いますか？,高井俊輔さんについて皆さんはどう思いますか？私はカッコイイと思います！,高井俊輔,みんなでわいわい,歌手,,,,,2014/4/30 0:19
0313-0319,,,レオレオ,,三代目 J Soul Brothersの魅力は？,"どんなところが魅力なのでしょうか？ヴィジュアル？楽曲？
語ってください！",三代目 J Soul Brothers,みんなでわいわい,J-POP,,,,,2014/4/30 2:03
0313-0319,,,レオレオ,,三代目 J Soul Brothersってどんな歌うたってるの？,"名前はたまに聞くんですが、どんな曲を歌っているのでしょうか？
教えてください！",三代目 J Soul Brothers,今すぐ教えて！,J-POP,,,,,2014/4/28 21:32
0313-0319,,,レオレオ,,三代目 J Soul Brothersの一代目はいたの？,"二代目とか初代はどこに行ったんでしょうか？というかいたんですか？
どう思いますか？",三代目 J Soul Brothers,ご意見求む,J-POP,,,,,2014/4/28 6:31
0313-0319,,,レオレオ,,山口 リサさんって綺麗ですよね,山口 リサさんって綺麗ですよね。綺麗と可愛いって違いますけど、具体的に何が違うのでしょうかね？,山口 リサ,みんなでわいわい,歌手,,,,,2014/4/30 0:47
0313-0319,,,レオレオ,,山口 一郎さんの髪型って？,山口 一郎さんの髪型ってマッシュというのですか？あの髪型いいですよね！前髪重めな感じの。,山口 一郎,みんなでわいわい,ファッション,,,,,2014/4/27 20:30
0313-0319,,,レオレオ,,森は生きているさんのジャンルって,森は生きているさんメンバーってたくさんのジャンルを好んでいますよね。皆さんはどのくらいジャンルを知っていますか？,森は生きている,みんなでわいわい,歌手,,,,,2014/4/29 10:25
0313-0319,,,レオレオ,,導楽の曲で感動した歌詞フレーズ,導楽の曲で感動した歌詞フレーズとかってありますか！？みんなで語りましょうー！,導楽,みんなでわいわい,レゲエ,,,,,2014/4/29 8:46
0313-0319,,,レオレオ,,髭(HiGE)さんはよく対バンをしている,髭(HiGE)さんって、よく対バンのLIVEをなさってますよね。対バンっていいですよね。,髭(HiGE),みんなでわいわい,歌手,,,,,2014/4/28 7:53
0313-0319,,,レオレオ,,カフェで流れるような曲を教えて！,"カフェで流れているような、ちょっとおしゃれな洋楽POPSを教えてください！
イメージはそのままカフェでお願いします！",洋楽POPS,今すぐ教えて！,洋楽POPS,癒し,カフェ,,,2014/4/29 21:56
0313-0319,,,レオレオ,,女性ボーカルのお勧めの曲を教えて！,"女性のボーカル曲でおすすめの曲を教えてください！
年代は問いません！",洋楽POPS,今すぐ教えて！,洋楽POPS,,,,,2014/4/29 10:01
0313-0319,,,レオレオ,,男性ボーカルのお勧めの曲を教えて！,"男性のボーカル曲のお勧めの曲を何曲か教えてください！
ゆっくりしたテンポの曲をお願いします！",洋楽POPS,今すぐ教えて！,洋楽POPS,,,,,2014/4/29 21:28
0313-0319,,,レオレオ,,UKのお勧めのPOP曲,"UKでおすすめのPOPSを教えてください！
できればちょっと最近の物でお願いします！",洋楽POPS,今すぐ教えて！,洋楽POPS,,,,,2014/4/29 9:02
0313-0319,,,レオレオ,,良く聞くアーティストは？,"良く聞く洋楽のPOPSのアーティストは誰ですか？
男性でも女性でもどっちもでOKです！",洋楽POPS,今すぐ教えて！,洋楽POPS,,,,,2014/4/30 4:28
0313-0319,,,レオレオ,,日本公演が今年ありそうなアーティストは？,"日本公演が今年ありそうなアーティストは誰がいますか？
教えてください！",洋楽POPS,今すぐ教えて！,洋楽POPS,,,,,2014/4/28 22:38
0313-0319,,,レオレオ,,来日してほしいアーティストは？,"今一番来日してほしいアーティストは誰ですか？
国も性別もとわないので教えてください！",洋楽POPS,今すぐ教えて！,洋楽POPS,,,,,2014/4/28 9:45
0313-0319,,,レオレオ,,世界的にはやってるPOPは？,"世界的に流行しているPOPSを教えてください！
最近の流行が知りたいです。",洋楽POPS,今すぐ教えて！,洋楽POPS,,,,,2014/4/29 23:12
0313-0319,,,レオレオ,,注目してるアーティストは？,注目してるアーティストは誰ですか？お勧めの曲もあったら教えてください！,洋楽POPS,今すぐ教えて！,洋楽POPS,,,,,2014/4/27 23:07
0313-0319,,,レオレオ,,疾走感のある曲を教えて！,"疾走感のある洋楽のPOPSを教えてください！
細かいジャンルはお任せします！",洋楽POPS,今すぐ教えて！,洋楽POPS,,,,,2014/4/29 7:01
0313-0319,,,レオレオ,,柔らかい声の曲を教えて！,"柔らかい感じのするPOPSの曲を教えてください！
女性でも男性でもボーカルはどっちでもOKです！",洋楽POPS,今すぐ教えて！,洋楽POPS,,,,,2014/4/29 14:39
0313-0319,,,レオレオ,,カラオケでも歌えそうな曲を教えて！,"カラオケでも歌えそうなPOPSの曲を教えてください！
できればあんまりテンポの速くないものでお願いします！",洋楽POPS,今すぐ教えて！,洋楽POPS,落ち込んでいる時,,,,2014/4/28 6:49
0313-0319,,,レオレオ,,ちょっとロックよりなポップスを教えて！,"ロックじゃないんだけど、若干ロック調のPOPSの曲を教えてください！
バンド形式じゃなくてもOKです！",洋楽POPS,今すぐ教えて！,洋楽POPS,,,,,2014/4/28 8:03
0313-0319,,,レオレオ,,女性ボーカルでR&Bも歌ってる人はいる？,"女性ボーカルのアーティストで、R&B調の曲を教えてください！
本格的なものでなくてもOKです！",洋楽POPS,今すぐ教えて！,洋楽POPS,,,,,2014/4/29 4:20
0313-0319,,,レオレオ,,昔の曲でおすすめを教えて！,"昔の洋楽POPSのお勧めの曲を教えてください！
ヒットした曲などあまり知らないのでお願いします！",洋楽POPS,今すぐ教えて！,洋楽POPS,,,,,2014/4/27 19:53
0313-0319,,,レオレオ,,移動中によさそうな曲を教えて！,"移動中に聴くのにいい感じの曲を教えてください！
明るい感じの楽曲でお願いします！",洋楽POPS,今すぐ教えて！,洋楽POPS,,,,,2014/4/29 22:27
0313-0319,,,レオレオ,,車内で流せる雰囲気の明るい曲を教えて！,"車内で流せる、会話を邪魔しないような曲を教えてください！
そういう曲が多いアーティストでもOKです！",洋楽POPS,今すぐ教えて！,洋楽POPS,アゲアゲ↑,,,,2014/4/29 8:59
0313-0319,,,レオレオ,,室内で小さい音で楽しめる曲を教えて！,"壁の薄いアパートなどで、小さな音量でも楽しめる曲を教えてください！
静かな曲でお願いします！",洋楽POPS,今すぐ教えて！,洋楽POPS,,,,,2014/4/29 6:17
0313-0319,,,レオレオ,,何歳頃から洋楽を聴いてますか,"何歳頃から洋楽を聞き始めましたか？
何がきかっけだったんでしょう？意見ください！",洋楽POPS,ご意見求む,洋楽POPS,,,,,2014/4/27 22:45
0313-0319,,,レオレオ,,20/20 エクスペリエンスは何故長い？,"ジャスティンティンバーレイクの去年のアルバムはなんであんなに楽曲が長いんでしょうか？
今までと感じが違いますよね？",洋楽POPS,ご意見求む,洋楽POPS,,,,,2014/4/28 14:27
0313-0319,,,レオレオ,,運動中に良く聞く曲は？,"運転中にみなさんは洋楽ならどんな曲を良く聞いていますか？
皆さんの意見ください！",洋楽POPS,ご意見求む,洋楽POPS,アゲアゲ↑,通勤・通学,,,2014/4/27 21:29
0313-0319,,,レオレオ,,電車の中で聞く曲は？,"電車の中で聞いてもアナウンスにかぶらないような曲ってあると思いますか？
皆さんの意見ください！",洋楽POPS,ご意見求む,洋楽POPS,,,,,2014/4/27 19:05
0313-0319,,,レオレオ,,歌唱力が高いと思うアーティストは？,"歌唱力に優れている、レベルの高いと思うアーティストは誰ですか？
皆さんの意見ください！",洋楽POPS,ご意見求む,洋楽POPS,,,,,2014/4/29 6:24
0313-0319,,,レオレオ,,落ち込んだ時に聴きたい曲は？,"落ち込んだ時に元気になれる曲ってどんな曲ですか？
歌詞の意味まで考えますか？",洋楽POPS,ご意見求む,洋楽POPS,落ち込んでいる時,,,,2014/4/28 4:10
0313-0319,,,レオレオ,,ノリで歌いきれそうな曲は？,"ノリで最後まで歌いきれそうな、勢いで行けそうな曲ってありますか？
みなさんの意見ください！",洋楽POPS,ご意見求む,洋楽POPS,,,,,2014/4/30 9:33
0313-0319,,,レオレオ,,日本でも宣伝してほしいアーティスト,"日本でももっと活動してほしいアーティストは誰かいますか？
なんで日本では活動が盛んではないんでしょうか？",洋楽POPS,ご意見求む,洋楽POPS,,,,,2014/4/30 7:51
0313-0319,,,レオレオ,,さわやかだと思う曲は？,"さわやかだと思う曲ってどんな曲ですか？
皆さんの意見ください！",洋楽POPS,ご意見求む,洋楽POPS,,,,,2014/4/27 18:33
0313-0319,,,レオレオ,,洋楽はなんでサンプリングやカバーが多い？,"洋楽の楽曲ってサンプリングやカヴァーがものすごく多いですよね？
なぜなんでしょうか？みなさんはどうおもいますか？",洋楽POPS,ご意見求む,洋楽POPS,,,,,2014/4/29 16:29
0313-0319,,,レオレオ,,洋楽は頻繁にコラボするのはなんでだと思いますか,"洋楽のアーティストが頻繁にコラボ作品を出すのはなんでなのでしょうか？
みなさんはどう感じますか・",洋楽POPS,ご意見求む,洋楽POPS,,,,,2014/4/28 22:02
0313-0319,,,レオレオ,,洋楽は動画サイトに良くあるけどなんでだと思いますか,"洋楽の曲の方が圧倒的に動画サイトのコンテンツが多いように
思うのですが、みなさんはどう思いますか？",洋楽POPS,ご意見求む,洋楽POPS,,,,,2014/4/29 21:56
0313-0319,,,レオレオ,,日本のチャートになぜ洋楽は少ない？,"日本のヒットチャートは何故海外の曲が少ないのでしょうか？
韓国か日本の曲しかありませんよね？たまに洋楽もありますけど。",洋楽POPS,ご意見求む,洋楽POPS,,,,,2014/4/28 5:06
0313-0319,,,レオレオ,,洋楽のいいところは？,"洋楽のいいところってなんなのでしょうか？
みなさんはどう感じますか？",洋楽POPS,ご意見求む,洋楽POPS,,,,,2014/4/29 17:18
0327-0402,,,レオレオ,,低予算で買えるいいCDは？,"低予算でも楽しめる洋楽CDって何がありますか？
皆さんの安く手に入れるための意見ください！",洋楽POPS,ご意見求む,洋楽POPS,,,,,2014/4/28 22:08
0327-0402,,,レオレオ,,あ、これ低予算だなと思ったPVを挙げていく,"低予算だけど出来がいい、なんか低予算っぽく見えるけど工夫が凄い
PVを挙げていきましょう！",洋楽POPS,ＰＲさせて,洋楽POPS,,,,,2014/4/29 17:42
0327-0402,,,レオレオ,,映画かよって思ったPVを挙げていく,映画か何かかと思うレベルのストーリーがあるPVを挙げていきましょう！,洋楽POPS,ＰＲさせて,洋楽POPS,,,,,2014/4/29 4:54
0327-0402,,,レオレオ,,夏っぽいPVの曲を挙げていく,"夏っぽい楽曲や夏を感じるPVを挙げていきましょう！
水着とかいいですよね。",洋楽POPS,ＰＲさせて,洋楽POPS,,,,,2014/4/29 10:11
0327-0402,,,レオレオ,,春を感じる柔らかい曲を挙げていく,"春を連想するような柔らかい楽曲を挙げていきましょう！
女性ボーカルが良いでしょうか。",洋楽POPS,ＰＲさせて,洋楽POPS,,,,,2014/4/29 11:08
0327-0402,,,レオレオ,,ジャケットで買ったCDを挙げていく,ジャケットに惹かれて事前知識なしで買ったCDを挙げていきましょう！,洋楽POPS,ＰＲさせて,洋楽POPS,,,,,2014/4/28 3:21
0327-0402,,,レオレオ,,難易度の低いダンス練習曲は？,"ダンス初心者にも比較的優しい、リズムの取りやすい曲を教えてください！
室内で練習したいので、激しすぎない物でお願いします。",踊り好き,今すぐ教えて！,ダンス,クラブ,,,,2014/4/29 21:17
0327-0402,,,レオレオ,,憧れのダンサーが出ているPVは？,"憧れているダンサーのテクニックが見れるPVを教えてください！
洋楽でも邦楽でもどっちでもOKです！",踊り好き,今すぐ教えて！,ダンス,クラブ,かっこいい,,,2014/4/29 0:37
0327-0402,,,レオレオ,,ライブのダンサーですごいと思った人は？,"ライブなどのバックダンサーですごいと思った人はいますか？
誰のライブだったのでしょうか？教えてください！",踊り好き,今すぐ教えて！,ダンス,クラブ,かっこいい,,,2014/4/29 22:15
0327-0402,,,レオレオ,,何系のダンスが好き？,何系のダンスが好きですか？お勧めのジャンルがあったら教えてください！,踊り好き,今すぐ教えて！,ダンス,クラブ,,,,2014/4/29 14:21
0327-0402,,,レオレオ,,ストリートで踊ったりしますか？,"ストリートダンスをやったりしますか？やってみたいとは思いますか？
やってる人は人数とか曲を教えてください！",踊り好き,今すぐ教えて！,ダンス,クラブ,,,,2014/4/28 18:26
0417-0423,,,きみどりみどろ,,ブジュ・バントンのおススメレゲエ名曲をおしえてください！,ブジュ・バントンのレゲエはいいですよね！ちょっと古いですけど、昔ながらのまさにレゲエという感じです。これぞ名曲！というのを教えて下さい！,BUJU BANTON,ゆるーくおしゃべり,レゲエ,,,,,2014/4/30 0:46
0417-0423,,,NYAH☆,,Allisterスコットの日本語力,日本の曲をたくさんカバーしてるスコットですが、日本語の発音がすごくうまいと思いませんか？意見を聞かせて下さい。,Allister,ゆるーくおしゃべり,パンク,,,,,2014/4/28 4:10
0417-0423,,,NYAH☆,,Block Bの新曲「JACKPOT」について,新曲発売の直前に起きた旅客船沈没事故の影響で新譜の発売が延期になってしまいました・・・早くリリースできるといいですね。PVはもうアップされてるので、自由に語りませんか。,Block B,ゆるーくおしゃべり,K-POP,,,,,2014/4/29 18:04
0417-0423,,,NYAH☆,,Cee Lo Greenの別ユニット,Cee Lo Greenはソロ名義ではもちろん、GNARLS BARKLEYというユニットでもヒットしてますが、どちらが好きとかありますか？魅力をいろいろ話しませんか？,Cee Lo Green,ゆるーくおしゃべり,ヒップホップ,,,,,2014/4/29 11:30
0417-0423,,,NYAH☆,,deadmau5のトレードマーク、ネズミの被り物について,deadmau5といえばネズミの被り物の姿が印象的ですね。ライブ映像をチェックすると、必ずかぶっている訳ではないようです。どう使いわけているのでしょうね。彼について知ってることをいろいろ聞きたいです。,deadmau5,ゆるーくおしゃべり,歌手,,,,,2014/4/28 20:53
0417-0423,,,NYAH☆,,DJ☆GOが立ち上げたレーベルについて,DJ☆GOは自身のレーベルRIDE RECORDZの代表も務めたり、スゴイですね。他にどんなアーティストが所属してるのでしょうか？いろんな顔を持つ、DJ☆GOについていろいろ話しましょう。,DJ☆GO,ゆるーくおしゃべり,歌手,,,,,2014/4/30 5:40
0417-0423,,,NYAH☆,,DEATH GRIPSのパフォーマンス,新譜のリリースの仕方やステージング、パフォーマンスすべてがかなり乱暴に感じるんですが、彼らが好きな方魅力をいろいろおしえて欲しいです。,DEATH GRIPS,ゆるーくおしゃべり,歌手,,,,,2014/4/29 18:23
0417-0423,,,NYAH☆,,DJ NOBUの新譜が聞きたい！,毎年１枚は新譜をリリースしてると思うのですが、今年もDJ NOBUの新しい音が聞きたいですね。今年も出すかなぁ。,DJ NOBU,ゆるーくおしゃべり,ダンス,,,,,2014/4/28 5:24
0417-0423,,,NYAH☆,,エドウィン・スターの「WAR」について,映画「ラッシュアワー」で使われたことでも有名な曲ですが、みなさんはどんな印象を持ちましたか？語り合いましょう。,Edwin Starr,ゆるーくおしゃべり,歌手,,,,,2014/4/28 21:50
0417-0423,,,ロビンソン,,AIちゃんのネクストステージに期待しましょう,『モリアガッチャイマシタ in 武道館』の映像作品が出ましたが、今年のAIちゃんはどんな活動をしていくのでしょうね。小さなことでいいので、彼女の近況を情報交換していきませんか？,AI,ゆるーくおしゃべり,歌手,J-POP,ソウル,,,2014/4/28 12:48
0417-0423,,,19みつき28,,ANGRY FROG REBIRTHのツアー☆,"ANGRY FROG REBIRTHのツアー『BRAVE NEW WORLD』始まりますね！！
ライブどんな感じなのかすごい気になります～！",ANGRY FROG REBIRTH,ゆるーくおしゃべり,歌手,,,,,2014/4/28 14:53
0417-0423,,,19みつき28,,今なおカッコよすぎるBig Daddy Kane,"Big Daddy Kaneって当時の曲とか今聴いても、PV見てもカッコいいですよね！！
Rawとか最高！！",Big Daddy Kane,ゆるーくおしゃべり,歌手,,,,,2014/4/28 16:00
0417-0423,,,トト,,Beatlesって改めて考えるとめっちゃ売れてたよね,確か当時のチャートで1位から5位まで埋めたっていうの見たけど、ほんとすごかったんだな。ほかにどんな伝説ある？,Beatles,みんなでわいわい,歌手,洋楽POPS,,,,2014/4/30 1:03
0417-0423,,,トト,,Beatlesがもしも今デビューしてたらジャンルは？,当時だったからあのジャンルで行ったんだろうけど、今デビューしてたらどんな感じになると思いますか？,Beatles,ご意見求む,歌手,洋楽POPS,,,,2014/4/30 5:40
0417-0423,,,トト,,DJ PMXはCDよりプレイの方がいいよね。,ライブの方がいいよ！って言われたんですけど、そんなに違うんでしょうか？,DJ PMX,みんなでわいわい,ダンス,,,,,2014/4/29 17:15
0417-0423,,,トト,,DJ PMXのMIXCDどうだった？,LocoHAMA CRUISING DJ PMX THE GREATEST HITS MIXみなさんは聴きましたか？どうでした？,DJ PMX,ご意見求む,ダンス,,,,,2014/4/28 15:19
0417-0423,,,トト,,miwaの空の彼方が気になる,"ＮＨＫドラマのテーマソングになったって報告から結構経ちますけど
いまだに楽曲情報なし、気になる！",miwa,みんなでわいわい,J-POP,歌手,,,,2014/4/28 17:57
0417-0423,,,トト,,miwaの女優デビューって,"どうなんでしょうか？本業に支障出るレベルじゃないのかなヒロインって。
大根なら大根で問題だろうし。",miwa,ご意見求む,J-POP,歌手,,,,2014/4/29 5:09
0417-0423,,,トト,,SEKAINOOWARIのツイッターが面白い,"日常的に書き込みのあるツイッター、フォローしてる人いますか？
結構面白いですよね！",SEKAINOOWARI ,みんなでわいわい,J-POP,,,,,2014/4/30 5:39
0417-0423,,,トト,,SEKAINOOWARIって声弄ってる？,"加工音声っぽいんだけどこれ弄ってるのかな？
ライブでもリアルタイム加工してる？すごくない？",SEKAINOOWARI ,ご意見求む,J-POP,,,,,2014/4/27 23:10
0417-0423,,,トト,,三代目 J Soul Brothersのツアーどう？,"参戦した人いますかー？今一番勢いあるツアーだと思うんで、感想とか
聞かせてください！",三代目 J Soul Brothers,みんなでわいわい,J-POP,,,,,2014/4/28 6:18
0417-0423,,,トト,,三代目 J Soul Brothersもでてるカジノ番組,"EXILEカジノ最近放送始まりましたけど、どうですか？
登坂のリフティング盛り上がったんでしょうか",三代目 J Soul Brothers,ご意見求む,J-POP,,,,,2014/4/30 6:20
0417-0423,,,トト,,Alexandra BurkeってXファクター二回でてたんだ,"2005年に受けた見たいだけど当時16歳で第二ステージって
何気に結構すごくないですか？",Alexandra Burke,ゆるーくおしゃべり,歌手,,,,,2014/4/28 0:00
0417-0423,,,トト,,AWOLNATIONタイアップできましたね,"悪の法則でタイアップだったのはやっぱ大きかったんでしょうか。
これからもうちょっと注目されるといいんですけど。",AWOLNATION,ゆるーくおしゃべり,歌手,,,,,2014/4/29 17:36
0417-0423,,,トト,,Chariceのカバー曲,"結構有名なのかな綾香のカバー曲。最近知って凄いハマってる。
この若さでこの歌唱力はちょっとすごい！",Charice,ゆるーくおしゃべり,歌手,,,,,2014/4/28 1:27
0417-0423,,,トト,,Chicで振り返るディスコブーム,"火付け役でしたよねシック。そのあともいろんな方面で活躍してるし。
久しぶりに聞いたらほんと懐かしい！",Chic,ゆるーくおしゃべり,歌手,,,,,2014/4/28 0:15
0417-0423,,,トト,,Chamの輸入盤持ってる人ー,"日本国内ではベスト出したっきり宣伝とか全くしてないシャムだけど
海外では普通に新曲出してるのかな？持ってる人いる？",Cham,ゆるーくおしゃべり,歌手,,,,,2014/4/27 21:51
0417-0423,,,トト,,Diploが絶賛してたけど,"マジでアルバムに参加したんだねディプロ。
なんか異常な完成度の曲あるなと思ったらｗ",Diplo,ゆるーくおしゃべり,歌手,,,,,2014/4/30 3:38
0417-0423,,,トト,,DJ KAWASAKIと藤井リナいいよね,"DJ　KAWASAKIと女性ボーカルって相性いいですよね！
音が綺麗なトラック多いからもっといろんなアーティストとコラボしてほしい！",DJ KAWASAKI,ゆるーくおしゃべり,ダンス,,,,,2014/4/27 23:53
0417-0423,,,トト,,DON-e去年アルバム出してたんだ,"リミックスばっかりで新曲出さないなぁって思ってたけど
出してたんですね！みんな聞いた？",DON-e,ゆるーくおしゃべり,歌手,,,,,2014/4/29 7:46
0417-0423,,,トト,,David Bowie復活した！,"グレイテストツアーとかやんないんですかね！
まさか復活するとは思いませんでしたね。
",David Bowie,ゆるーくおしゃべり,歌手,,,,,2014/4/29 12:32
0417-0423,,,トト,,DJ SHADOWのLesson 4/The Real Deal,"持ってる人日本に何人くらいいるんでしょうね？
もっとも入手が難しいレコードって響きカッコいいですよね！",DJ SHADOW,ゆるーくおしゃべり,歌手,,,,,2014/4/30 0:23
0417-0423,,,トト,,DARKSTARの移籍後のアルバム,"News from Nowhere凄い作りこまれてますよね。
複雑な音なのに自然に聞けるというか。好きな人います？",DARKSTAR,ゆるーくおしゃべり,歌手,,,,,2014/4/30 8:53
0417-0423,,,トト,,Don Omarって初期と雰囲気変わったよね,"初期と体型と歌の雰囲気だいぶ変わりましたよね。
どっちもいいんですけど威厳では昔の方があった？",Don Omar,ゆるーくおしゃべり,歌手,,,,,2014/4/29 7:10
0417-0423,,,トト,,Elle Varnerの二枚目のアルバム,"どんな楽曲で来るんでしょうね？デビューの評価が
すごく良かったんでちょっと違う方面でも曲聞いてみたいですよね。",Elle Varner,ゆるーくおしゃべり,歌手,,,,,2014/4/29 9:25
0417-0423,,,トト,,En Vogue分裂しちゃいましたね。,"まだ新生アンヴァオーグは発足してないみたいですけど、やっぱ不仲
だったんでしょうか。どっちを応援すればいいんでしょうね。",En Vogue,ゆるーくおしゃべり,歌手,,,,,2014/4/28 3:45
0417-0423,,,トト,,EXOのライブってそんな成功してたの？,"10万人定員で50万人応募ってマジなのかな。
名前は知ってたけど潜在的需要そんなにあったのか？",EXO,ゆるーくおしゃべり,歌手,,,,,2014/4/29 12:30
0417-0423,,,トト,,F.I.Bの中途ってもしかして,"あれ、久々に見たんだけど太ってないか？
あんだけ激しいライブなのになんで太ってんだ",F.I.B,ゆるーくおしゃべり,歌手,,,,,2014/4/29 19:00
0417-0423,,,トト,,Fabolousって結構客演で変わるよね,"R&BよりだったりPOPSよりだったり結構客演に左右されて曲調変わるよね。
それでもファボラスってしっかりわかるから凄い！",Fabolous,ゆるーくおしゃべり,歌手,,,,,2014/4/29 12:19
0417-0423,,,トト,,FAT PROPのライブって,"上京してからとする前じゃ結構違う？
最初の方しか知らないんだけど、しんどくないんかな？",FAT PROP,ゆるーくおしゃべり,歌手,,,,,2014/4/28 22:15
0417-0423,,,トト,,FIRE BALLがワンマンやってる,"個人的に洒落てて好きなんですけどワンマンで
回ってるの最近知りました。参戦する人います？",FIRE BALL,ゆるーくおしゃべり,歌手,,,,,2014/4/29 3:23
0417-0423,,,トト,,Fort Minorまたやってくれないかな,"シノダもリンキンで忙しいしそもそもメンツが多忙
すぎるんだろうけどまたやってほしいですよね。
完成度高すぎる！",Fort Minor,ゆるーくおしゃべり,歌手,,,,,2014/4/28 15:01
0417-0423,,,トト,,Foxy BrownのD.R.U.G.Z.,"去年音源出るって言ってたと思うんですけど、出ました？配信だけだったのかな。
復活来るかな？
",Foxy Brown,ゆるーくおしゃべり,歌手,,,,,2014/4/29 6:37
0417-0423,,,トト,,Freewayの髭どっちが良かった？,"Roc-A-Fella Records時代の凄い髭と、ソロになってからの
すっきり髭、どっちがみんなすき？",Freeway,ゆるーくおしゃべり,歌手,,,,,2014/4/29 18:51
0417-0423,,,トト,,Flowerがm-flo＋Flower＋はるな愛でコラボ！,"Girls Award2014で凄いコラボしてる！というかガールズなのに
なぜいるんだバーバルｗ",Flower,ゆるーくおしゃべり,歌手,,,,,2014/4/28 2:14
0417-0423,,,トト,,FIDLARのメンバー面白すぎる！,"写真が多い分カプラノスの面白さが伝わりやすい！
いつでも一人別世界のカプラノス大好きだ！",FIDLAR,ゆるーくおしゃべり,歌手,,,,,2014/4/29 19:29
0417-0423,,,トト,,Gameって最初名前って思わなかった,"アルバムのタイトルがGAMEなのかと思って最初アルバムタイトルが
アーティスト名だって勘違いしたよ",Game,ゆるーくおしゃべり,歌手,,,,,2014/4/28 9:49
0417-0423,,,トト,,Gang Starrの一番好きなアルバムは？,"名盤多いですよね、というか基礎になったグループか。
Full Clip: Decade of Gang Starrとかめっちゃいいですよね。",Gang Starr,ゆるーくおしゃべり,歌手,,,,,2014/4/28 3:27
0417-0423,,,トト,,GinuwineのELGIN,"デビューアルバム超えるアルバムは無いかと思ってましたけど、これかなりあたりですね！
R&Bにこの声はやっぱぴったり！",Ginuwine,ゆるーくおしゃべり,歌手,,,,,2014/4/29 20:28
0417-0423,,,トト,,GLORY HILLがフルアルバム出す！,"GOOD LOSER！主題歌系の収録も多いけどなんにせよ
久々のフルアルバムはテンション上がるね",GLORY HILL,ゆるーくおしゃべり,歌手,,,,,2014/4/29 10:08
0417-0423,,,トト,,go!go!vanillasがetting Betterに！,"DJメインのイベントかと思ったけどライブ出演で
バニラズ出演するらしい！18歳の人優遇有？",go!go!vanillas,ゆるーくおしゃべり,歌手,,,,,2014/4/29 6:45
0417-0423,,,トト,,Graham Central Stationの好きなクロスオーバーは？,"ファンクバンドの伝説、スラップ奏法の金字塔ですけど、
結構色んなジャンルとクロスオーバーしましたよね。
どのジャンルが好きですか？",Graham Central Station,ゆるーくおしゃべり,歌手,,,,,2014/4/29 12:38
0417-0423,,,トト,,GRAPEVINEがLifetime再現！,"5月からのツアーはLifetimeの再現らしいですねー。
再現ってことは1時間ちょっとで終わっちゃう？",GRAPEVINE,ゆるーくおしゃべり,歌手,,,,,2014/4/29 16:37
0417-0423,,,トト,,Gucci Maneとリックロス,"Trap House IIIの1曲目からリックロスとの曲ですけどメイン曲だけ
あって超カッコいい！このアルバムいいね！",Gucci Mane,ゆるーくおしゃべり,歌手,,,,,2014/4/28 16:58
0417-0423,,,トト,,GENTLEMANS PISTOLSのツインギター,"こいつらほどキレのいいツインギターを知らないですよ。
セカンドアルバムもよかったけどやっぱライブ見たいですね",GENTLEMANS PISTOLS,ゆるーくおしゃべり,歌手,,,,,2014/4/28 2:42
0417-0423,,,トト,,GLITTERのゆみーる,"愛されてますよねｗツイッターで話題になるってほんと
宣伝方法とか変わってきてるんですねぇ",GLITTER,ゆるーくおしゃべり,歌手,,,,,2014/4/29 20:57
0417-0423,,,トト,,GYPTIANのアルバムのタイトルって,"めっちゃわかりやすいですよね。
ストレートというか、名前だけでコンセプトが伝わってくるってなかなかない。",GYPTIAN,ゆるーくおしゃべり,歌手,,,,,2014/4/28 1:06
0417-0423,,,トト,,HIBIKILLAのリミックス面白すぎる,"久々に声出して笑った、なんだこれ。
PSYのリミックスなんだけどコレマジで本人なのか？面白すぎる。",HIBIKILLA,ゆるーくおしゃべり,歌手,,,,,2014/4/29 16:38
0417-0423,,,トト,,HOKTソロでもかなりいいね,"NORTH COAST BAD BOYZのイメージしかなかったけど
ソロでも結構いいね！アルバム聞いてびっくりした。",HOKT,ゆるーくおしゃべり,歌手,,,,,2014/4/28 10:18
0417-0423,,,トト,,HYENA活動休止してる？,"公式もブログも音沙汰ないけど活動してるのかな？
再販去年してから新曲もないですよね",HYENA,ゆるーくおしゃべり,歌手,,,,,2014/4/28 22:50
0417-0423,,,トト,,Ice Tのソロとバンド,"ジャンル凄い違うけどどっちもいいですよね。
過激だけど、みなさんどっちが好き？",Ice T,ゆるーくおしゃべり,歌手,,,,,2014/4/28 21:33
0417-0423,,,トト,,illionカッコいいよね！,"ラッドの野田さんと事変の亀田さんの時点で大好きなんですけどね。
世界的にはどうだったんでしょうね。",illion,ゆるーくおしゃべり,歌手,,,,,2014/4/28 17:37
0417-0423,,,トト,,indigo la Endって独特ですよね,"セカオワとかちょっと特殊な世界観のバンドも
広く浸透してきましたね！インディゴももっと流行れ！",indigo la End,ゆるーくおしゃべり,歌手,,,,,2014/4/27 19:29
0417-0423,,,トト,,Iyazの次の曲どうなるかな,"リプレイがめちゃ売れたからプレッシャーありそうですよね。
次はどんな感じの曲になるのかな",Iyaz,ゆるーくおしゃべり,歌手,,,,,2014/4/29 3:52
0417-0423,,,トト,,J. COLE一気に伸びたよね,"下積み長かったけど一気にここ二、三年で一気に
売れましたよね。ボーンシナー良かったしなぁ。",J. COLE,ゆるーくおしゃべり,歌手,,,,,2014/4/29 6:49
0417-0423,,,トト,,Ja Rule出所してから曲出した？,"去年出てきてからなんか曲出したのかな？
日本であんまり宣伝見ないからどうなんだろう？",Ja Rule,ゆるーくおしゃべり,歌手,,,,,2014/4/29 17:20
0417-0423,,,トト,,Jackson Sistersってマイケル,"マイケルのグループの一派かと思ってた。
今更だけど違ったんですね、曲は有名だから知ってたんだけど。
みんな知ってた？",Jackson Sisters,ゆるーくおしゃべり,歌手,,,,,2014/4/28 11:34
0417-0423,,,トト,,Jadakissと50Cent,"ディスの対象同士でしたけど、和解したんでしょうか？
ギャラ問題でしたっけ、どう思いました？",Jadakiss,ゆるーくおしゃべり,歌手,,,,,2014/4/30 0:53
0417-0423,,,トト,,Jaheimいい声してますよね！,"R&Bはやっぱりアメリカ強いですよね。
The Makings of a Manとかずっと聴いていける。",Jaheim,ゆるーくおしゃべり,歌手,,,,,2014/4/28 21:51
0417-0423,,,トト,,Icona Popってなんか中毒性あるよね,"メロディーが突飛なわけでもループなわけでもないんだけど
なんか聞いちゃいますよね。これから楽しみなユニット！",Icona Pop,ゆるーくおしゃべり,歌手,,,,,2014/4/30 8:52
0417-0423,,,トト,,I ROYのTwo Big Sounds,"色んなことがあった時代なので忘れられがちですが、めちゃ
いいレコードですよね！",I ROY,ゆるーくおしゃべり,歌手,,,,,2014/4/29 9:24
0417-0423,,,トト,,Jay Seanの曲日本で売ってる？,"HOMEとか日本で売ってなくない？
どこか購入できる場所とか持ってる人います？",Jay Sean,ゆるーくおしゃべり,歌手,,,,,2014/4/29 22:45
0417-0423,,,トト,,Jazmine Sullivanの Good Enough ,"アルバム買ってきたんですけどここまで衰えずに
昇華してくるってすごいですね、特に Good Enoughいい！",Jazmine Sullivan,ゆるーくおしゃべり,歌手,,,,,2014/4/28 4:34
0417-0423,,,トト,,Jermaine Dupriとマライア,"凄い組み合わせですよね。ジャネットもよかったと思うけど
失敗視されたし、復活してくれてよかった！",Jermaine Dupri,ゆるーくおしゃべり,歌手,,,,,2014/4/30 3:26
0417-0423,,,トト,,JING TENGってなんで脱退したんだろうね,"マイクラで安定してたと思うんだけどなぁ。
喧嘩別れではないって言ってたけど、どうなのかな。",JING TENG,ゆるーくおしゃべり,歌手,,,,,2014/4/27 17:27
0417-0423,,,トト,,John Legendとカニエ,"最強タッグですよね！去年のアルバムもよかったし。
もう一枚くらい一緒にやってほしい",John Legend,ゆるーくおしゃべり,歌手,,,,,2014/4/29 7:58
0417-0423,,,トト,,Johnta Austinの提供曲が凄い,"NE-YOもそうだったけどなんでいい曲書く人は自分で歌わないんだろう。
セルフカバーアルバム出すだけでゴールド取れそう",Johnta Austin,ゆるーくおしゃべり,歌手,,,,,2014/4/29 3:04
0417-0423,,,トト,,JOYSTICKKブログ忘れてないか？,"アルバム出しても告知してなくないかアメブロで。
CINEMASがこんなに早く出てるとか知らなかった。",JOYSTICKK,ゆるーくおしゃべり,歌手,,,,,2014/4/28 19:29
0417-0423,,,トト,,J-REXXXの新作いいね！,"M.U.S.I.C、ザ、ジャパレゲって感じでいいですね！
なんか音の幅が広くなった感じしません？",J-REXXX,ゆるーくおしゃべり,歌手,,,,,2014/4/29 21:05
0417-0423,,,トト,,JUMBO MAATCHのソロって,"やっぱみんなマイクラの方が好きなのかな？
サイハテチルとか結構いい曲ソロでもおおいんだけど聴いてる人いる？",JUMBO MAATCH,ゆるーくおしゃべり,歌手,,,,,2014/4/27 17:03
0417-0423,,,トト,,JAGWAR MAでサイケ熱がまた,"ぼうにんげんといいジャグといい最近サイケ熱いな！
テンプルズもいいけどジャグもいい！",JAGWAR MA,ゆるーくおしゃべり,歌手,,,,,2014/4/30 3:48
0417-0423,,,トト,,JULIO BASHMOREのコラボ,"Peppermint ft.Jessie Ware超カッコいいね。
オフィシャルで音源挙げてるから聴いてない人チャンネル見たほうがいい！",JULIO BASHMORE,ゆるーくおしゃべり,歌手,,,,,2014/4/28 16:08
0417-0423,,,トト,,カントリーならJustin Moore,"まだ若いけど、いい声とセンス光ってますよね。
Off the Beaten Pathも日本版出せばいいのに",Justin Moore,ゆるーくおしゃべり,歌手,,,,,2014/4/29 14:11
0417-0423,,,トト,,Karl Wolf新曲書いてくれ。,"Finally Free良かったけど、良かったけど前半前のアルバムと
被ってるんだよ・・・。新曲聴きたいですね",Karl Wolf,ゆるーくおしゃべり,歌手,,,,,2014/4/28 10:50
0417-0423,,,トト,,Kaskade、疾走感のあるエレクトロ,"疾走感ならエモかなーって思ってたけど、Atmosphere聞いたら
エレクトロもアリだなって思いだした。
前作と違うって聞いたけどAtmosphereいいよね！",Kaskade,ゆるーくおしゃべり,歌手,,,,,2014/4/28 2:44
0417-0423,,,トト,,Kat Delunaのソウルってのりやすい,"Inside Outしか持ってないけど、この人の曲ってこんな感じのが多いのかな？
乗り良いですよね！",Kat Deluna,ゆるーくおしゃべり,歌手,,,,,2014/4/28 2:15
0417-0423,,,トト,,K-Ci ＆ JoJoの11年ぶりの,"戦線復帰おめでとう！ちょっと遅れたけど。
My Brother's Keeper最近買いました。メロウでいい曲おおい！
でもちょっと枯れた？",K-Ci ＆ JoJo,ゆるーくおしゃべり,歌手,R&B,,,,2014/4/30 3:04
0417-0423,,,トト,,Kobra And The Lotusのハイトーンヴォイス！,"かっこいい！KISSの立ち上げた事務所つながりで知ったけど
こんな奴らが居たの知らなかった。
",Kobra And The Lotus,ゆるーくおしゃべり,歌手,,,,,2014/4/29 19:25
0417-0423,,,トト,,KOZ (S.T.M)のTHE ONE WAY聞いたんだけど,"声のキー下げて歌ってないかこれ？
聴いてるうちになれたけど、みんなSTMの時の高音とどっちが好き？",KOZ (S.T.M),ゆるーくおしゃべり,歌手,,,,,2014/4/30 4:55
0417-0423,,,トト,,Krewellaとふなっしー！？,"Get Wetようやく買ってきた！期待以上の曲ばっかで最高！
ってかふなっしーDJやれたのか！？",Krewella,ゆるーくおしゃべり,歌手,,,,,2014/4/28 17:47
0417-0423,,,トト,,KAYってコラボしてる方がいい？,"ソロでもCD出してるけどみんなどっちが好き？
って言っても半分くらいはコラボ曲だったけど。",KAY,ゆるーくおしゃべり,歌手,,,,,2014/4/28 19:33
0417-0423,,,トト,,KENTY GROSSのTHE GROSSやばい,"想像以上に内容過激だったｗ
何というか、曲がどうとかを超えてCDが面白い。
なんでなん?!とかみんなで聴きたいですね",KENTY GROSS,ゆるーくおしゃべり,歌手,,,,,2014/4/27 21:23
0417-0423,,,トト,,Kevin Lyttleそろそろアルバムを・・・,"ターンミーオンめっちゃ売れたけどそろそろ新曲聴きたいですね。
もう曲出してくれないのかな？",Kevin Lyttle,ゆるーくおしゃべり,歌手,レゲエ,,,,2014/4/29 16:36
0417-0423,,,トト,,Lamont Dozierって多才すぎるでしょ,"作曲家として大成功、ソロで歌って大成功。
レコード会社も持ってるってほんと凄い。
ソロの時の曲ならみんな何が好み？",Lamont Dozier,ゆるーくおしゃべり,歌手,,,,,2014/4/30 6:36
0417-0423,,,トト,,Laura Iziborのデビューアルバム,"これ以上のアルバム作るのって相当プレッシャーに
なりそうですよね。軒並み高評価だし。
しかしいいアルバムですよね！",Laura Izibor,ゆるーくおしゃべり,歌手,,,,,2014/4/30 7:42
0417-0423,,,レオレオ,,LEOさんが似合いそうなアクセサリー,LEOさんってほんとにカッコイイ！彼が似合いそうなアクセサリーってなんだと思いますか！？,LEO,ゆるーくおしゃべり,歌手,,,,,2014/4/28 12:16
0417-0423,,,レオレオ,,Leon Wareの曲に合う人柄って？,Leon Wareの曲に合う人柄ってどんな人たちだと思いますか～？教えてください！,Leon Ware,ゆるーくおしゃべり,歌手,,,,,2014/4/29 0:07
0417-0423,,,レオレオ,,Lil Boosieが似合いそうな服装,Lil Boosieが似合いそうな服装ってどんな服装ですか！？ラッパー風以外の服装でお願いします！,Lil Boosie,ゆるーくおしゃべり,歌手,,,,,2014/4/29 15:42
0417-0423,,,レオレオ,,Lil' Flipの感動したPVってありますか？,Lil' Flipの感動したPVってありますか？youtubeで見た方とかおられましたらぜひ！,Lil' Flip,ゆるーくおしゃべり,歌手,,,,,2014/4/27 21:16
0417-0423,,,レオレオ,,Lil Jonが他のジャンルの曲を歌うとしたら？,Lil Jonが他のジャンルの曲を歌うとしたらどんなジャンルが似合うと思いますか！？,Lil Jon,ゆるーくおしゃべり,歌手,,,,,2014/4/29 8:59
0417-0423,,,レオレオ,,Lil Kimご本人についてどう思いますか！？,Lil Kimご本人についてどう思いますか！？すごくセクシーな写真が多いですよね！,Lil Kim,ゆるーくおしゃべり,歌手,,,,,2014/4/29 11:21
0417-0423,,,レオレオ,,Lil Wayneの似合う帽子の色って,Lil Wayneの似合う帽子の色ってどんな色だと皆さんは思いますかー！？,Lil Wayne,ゆるーくおしゃべり,歌手,,,,,2014/4/28 6:37
0417-0423,,,レオレオ,,Limp Bizkitのメンバーで好きな人,Limp Bizkitのメンバーで好きな人はいますか！？私はギターをしているマイク・スミスが好きです！,Limp Bizkit,ゆるーくおしゃべり,歌手,,,,,2014/4/29 19:56
0417-0423,,,レオレオ,,Lionel Richieの似合う格好って！？,Lionel Richieの似合う格好ってなんだと思いますかー！？スーツが多い感じがしますが！,Lionel Richie,ゆるーくおしゃべり,歌手,,,,,2014/4/28 22:06
0417-0423,,,レオレオ,,LL Cool Jが似合う帽子って！？,LL Cool Jが似合う帽子ってどんな帽子だと思いますか！？いつもゴルフしている人の帽子してますよね！？,LL Cool J,ゆるーくおしゃべり,歌手,,,,,2014/4/29 12:35
0417-0423,,,レオレオ,,Lloyd Banksのこれからについて,Lloyd Banksのこれからについてあなたはどう思いますかー！？ずっと作曲するのかな？,Lloyd Banks,ゆるーくおしゃべり,歌手,,,,,2014/4/28 5:47
0417-0423,,,レオレオ,,Lloyd Priceを聴いた方の思い出！,Lloyd Priceを聴いた方の思い出を教えてください！どんなことでも結構ですよー！,Lloyd Price,ゆるーくおしゃべり,歌手,,,,,2014/4/27 21:02
0417-0423,,,レオレオ,,LOCAL SOUND STYLEのメンバーで好きな人は！？,LOCAL SOUND STYLEのメンバーで好きな人は誰ですか～？？私は黒瀧さんですねー！,LOCAL SOUND STYLE,ゆるーくおしゃべり,歌手,,,,,2014/4/30 2:28
0417-0423,,,レオレオ,,LOW IQ 01ってすごくオシャレですよね！,LOW IQ 01ってすごくオシャレですよね！皆さんは彼にならったところってありますか？,LOW IQ 01,ゆるーくおしゃべり,歌手,,,,,2014/4/28 13:07
0417-0423,,,レオレオ,,Ludacrisが合う香水ってどんな香水？,Ludacrisが合う香水ってどんな香水だと思いますか？？なんかいつも良い匂いなイメージがあるのですが。,Ludacris,ゆるーくおしゃべり,歌手,,,,,2014/4/27 20:55
0417-0423,,,レオレオ,,LUNKHEADの好きなアルバムはなんですか？,LUNKHEADの好きなアルバムはなんですか？いろいろありますよねー！,LUNKHEAD,ゆるーくおしゃべり,歌手,,,,,2014/4/30 1:31
0417-0423,,,レオレオ,,Lupe Fiascoがかっこよく映るアングル,Lupe Fiascoがかっこよく映るアングルってどんなんだと思いますか！？,Lupe Fiasco,ゆるーくおしゃべり,歌手,,,,,2014/4/28 21:00
0417-0423,,,レオレオ,,Lordeのファンとしてしたいことって？,Lordeのファンとしてしたいことってなんですかー？？応援するならどんなことしますか？,Lorde,ゆるーくおしゃべり,歌手,,,,,2014/4/29 14:29
0417-0423,,,レオレオ,,Luke Bryanが似合う服装ってなんですか！？,Luke Bryanが似合う服装ってなんですか！？Ｔシャツ系の服が多いそうですが。,Luke Bryan,ゆるーくおしゃべり,歌手,,,,,2014/4/28 18:14
0417-0423,,,レオレオ,,LIVING COLOURのアルバムで気に入ったアルバムは！？,LIVING COLOURのアルバムで気に入ったアルバムはどれだと思いますかー！？,LIVING COLOUR,ゆるーくおしゃべり,歌手,,,,,2014/4/28 17:13
0417-0423,,,レオレオ,,LOCAL NATIVESの好きなメンバーは！？,LOCAL NATIVESの好きなメンバーは誰ですか？私はライアン・ハーンが大好きです！,LOCAL NATIVES,ゆるーくおしゃべり,歌手,,,,,2014/4/29 14:28
0417-0423,,,レオレオ,,LOS GUANCHESのかっこよかったyoutube,LOS GUANCHESのかっこよかったyoutube映像ってどれだと思いますか！？,LOS GUANCHES,ゆるーくおしゃべり,歌手,,,,,2014/4/27 23:30
0417-0423,,,レオレオ,,Mos Defが似合いそうなサングラスは！？,Mos Defが似合いそうなサングラスはどんなグラスだと思いますかー！？,Mos Def,ゆるーくおしゃべり,歌手,,,,,2014/4/29 16:32
0417-0423,,,レオレオ,,Motion City Soundtrackのメンバーで好きなメンバーは？,Motion City Soundtrackのメンバーで好きなメンバーは誰ですかー！？私はジョシュア・ケインです！,Motion City Soundtrack,ゆるーくおしゃべり,歌手,,,,,2014/4/30 1:34
0417-0423,,,レオレオ,,Motley Crueってプライベートはどんな？？,Motley Crueってプライベートはどんなことされていると思いますかー！？,Motley Crue,ゆるーくおしゃべり,歌手,,,,,2014/4/27 18:48
0417-0423,,,レオレオ,,Murderdollsの日常について,Murderdollsの日常ってどんな生活をされていると思います？？なんか面白そう..,Murderdolls,ゆるーくおしゃべり,歌手,,,,,2014/4/29 1:01
0417-0423,,,レオレオ,,Myeの一秒ごとの瞬間をっていう曲について,Myeの一秒ごとの瞬間をっていう曲についてなにか思い出とかありますかー！？,Mye,ゆるーくおしゃべり,歌手,,,,,2014/4/29 18:58
0417-0423,,,レオレオ,,MATZKAの今後の日本での活動は！？,MATZKAの今後の日本での活動はどうなると思いますかー！？もっと有名になるかな！？,MATZKA,ゆるーくおしゃべり,歌手,,,,,2014/4/28 4:10
0417-0423,,,レオレオ,,MY BLOODY VALENTINEのメンバーでカッコイイと思う人は！？,MY BLOODY VALENTINEのメンバーでカッコイイと思う人は誰だと思いますかー！？,MY BLOODY VALENTINE,ゆるーくおしゃべり,歌手,,,,,2014/4/29 12:42
0417-0423,,,レオレオ,,MODESELEKTORのジャンルを定義しよう！,MODESELEKTORのジャンルを定義しましょう！みんな定義できてしないそうなので。,MODESELEKTOR,ゆるーくおしゃべり,歌手,,,,,2014/4/28 0:07
0417-0423,,,レオレオ,,MAYA JANE COLESの似合いそうな髪型は！？,MAYA JANE COLESの似合いそうな髪型はどんな髪型だと思いますか！？,MAYA JANE COLES,ゆるーくおしゃべり,歌手,,,,,2014/4/30 7:58
0417-0423,,,レオレオ,,Mazzy Starがカラコンするとしたらなに色が良い？,Mazzy Starがカラコンするとしたらなに色が似合うと皆さんは思いますかー！？,Mazzy Star,ゆるーくおしゃべり,歌手,,,,,2014/4/27 22:07
0417-0423,,,レオレオ,,Michael Bubleのスーツ以外で似合う服装は！？,Michael Bubleのスーツ以外で似合う服装はどんな服装だとあなたは思いますか！？,Michael Buble,ゆるーくおしゃべり,歌手,,,,,2014/4/29 6:56
0417-0423,,,レオレオ,,Mad Lionの学生生活を想像してみよう！,Mad Lionの学生生活ってどんな生活をしていると思いますか！？想像してみましょう！,Mad Lion,ゆるーくおしゃべり,歌手,,,,,2014/4/28 16:01
0417-0423,,,レオレオ,,Mr. Vegasが似合いそうなグラスは！？,Mr. Vegasが似合いそうなグラスはどんなグラスだと皆さんは思いますかー！？,Mr. Vegas,ゆるーくおしゃべり,歌手,レゲエ,,,,2014/4/28 7:19
0417-0423,,,レオレオ,,Ms. Thingのカワイイと思うアングルは？,Ms. Thingのカワイイと思うアングルはどんなアングルだと皆さんは思いますか！？,Ms. Thing,ゆるーくおしゃべり,歌手,,,,,2014/4/30 9:34
0417-0423,,,レオレオ,,MAVADOの髪型を変えてみましょう！,MAVADOの髪型を変えてみましょう！どんな髪型にすればもっと似合うと思いますか！？,MAVADO,ゆるーくおしゃべり,歌手,レゲエ,,,,2014/4/28 14:00
0417-0423,,,レオレオ,,N.E.R.D.のメガネを変えるとしたら！？,N.E.R.D.のメガネを変えるとしたらどんなメガネが良いと思いますかー！？,N.E.R.D.,ゆるーくおしゃべり,歌手,,,,,2014/4/28 9:58
0417-0423,,,レオレオ,,PEPPERTONESの好きなPVはなんですか！？,PEPPERTONESの好きなPVはなんですか！？カッコイイと思うものを教えてー！,PEPPERTONES,ゆるーくおしゃべり,歌手,,,,,2014/4/30 4:04
0417-0423,,,レオレオ,,PORTER ROBINSONに手紙を書くとしたら！？,PORTER ROBINSONに手紙を書くとしたらどんなことをあなたは書きますか！？,PORTER ROBINSON,ゆるーくおしゃべり,歌手,,,,,2014/4/29 9:48
0417-0423,,,レオレオ,,PHUNK INVESTIGATIONの二人の服装を変えよう！,PHUNK INVESTIGATIONの二人の服装を変えてもっとオシャレにしてあげてください！,PHUNK INVESTIGATION,ゆるーくおしゃべり,歌手,,,,,2014/4/29 18:48
0417-0423,,,レオレオ,,PRISCILLA AHNが一番ステキに輝いていた,PRISCILLA AHNが一番ステキに輝いていたyoutubeの映像ってなんでしたか？？,PRISCILLA AHN,ゆるーくおしゃべり,歌手,,,,,2014/4/30 6:37
0417-0423,,,レオレオ,,Rage Against The Machineのメンバーであなたが思うカッコイイ人！,Rage Against The Machineのメンバーであなたが思うカッコイイ人って誰ですかー！？,Rage Against The Machine,ゆるーくおしゃべり,歌手,,,,,2014/4/30 9:20
0417-0423,,,レオレオ,,Raphael Saadiqのメガネを変えるとしたら！？,Raphael Saadiqのメガネを変えるとしたら！？どんなメガネが似合いはると思いますか！？,Raphael Saadiq,ゆるーくおしゃべり,歌手,,,,,2014/4/29 20:27
0417-0423,,,レオレオ,,Ray Charlesの感動したyoutube動画はなんでしたか～？,Ray Charlesのyoutube動画であなたにとって感動した映像はなんでしたか～？,Ray Charles,ゆるーくおしゃべり,歌手,,,,,2014/4/29 17:26
0417-0423,,,レオレオ,,Ray Foxxってどんな生活していると思いますか？,Ray Foxxってすごくなぞですよね！？彼らはどんな生活していると思いますか？,Ray Foxx,ゆるーくおしゃべり,歌手,,,,,2014/4/27 17:52
0417-0423,,,レオレオ,,RAZORS EDGEのサークルモッシュに参入した人！,RAZORS EDGEのサークルモッシュに参入した人！やり終わったあとってやっぱり達成感ありますか！？,RAZORS EDGE,ゆるーくおしゃべり,歌手,,,,,2014/4/29 15:43
0417-0423,,,レオレオ,,RICHEEが違う服装を着るとしたら！？,RICHEEが違う服装を着るとしたどんな服装が似合うと思いますかー！？,RICHEE,ゆるーくおしゃべり,歌手,,,,,2014/4/29 8:04
0417-0423,,,レオレオ,,Rick Jamesのプライベートってどんなん！？,Rick Jamesのプライベートってどんなんだと思いますか？毎日楽しんでおられるかな～？？,Rick James,ゆるーくおしゃべり,歌手,,,,,2014/4/29 9:46
0417-0423,,,レオレオ,,Rick Rossのヒゲについてどう思いますか！？,Rick Rossのヒゲについてどう思いますか！？あった方が良い？ない方が良い～！？,Rick Ross,ゆるーくおしゃべり,歌手,,,,,2014/4/29 5:06
0417-0423,,,レオレオ,,Rickie-Gの歌声で変わった生活,Rickie-Gの歌声で生活が変わった方おられますか！？私はいつも慰められてばかりいます！,Rickie-G,ゆるーくおしゃべり,歌手,レゲエ,,,,2014/4/28 11:07
0417-0423,,,レオレオ,,RIDDIM HUNTERのカッコイイと思う画像は？,RIDDIM HUNTERのカッコイイと思う画像はなんですかー！？特徴的な画像が多いですよね！,RIDDIM HUNTER,ゆるーくおしゃべり,歌手,,,,,2014/4/29 7:14
0417-0423,,,レオレオ,,Rita Oraの髪型を変えるとしたらどんな髪型が良い！？,Rita Oraの髪型を変えるとしたらどんな髪型が似合うと思いますか～！？,Rita Ora,ゆるーくおしゃべり,歌手,,,,,2014/4/28 11:49
0417-0423,,,レオレオ,,Stone Sourはそれぞれ仲が良いと思いますか～？,Stone Sourはそれぞれ仲が良いと思いますか～？でもなんかいつも一緒にいてそうな。。,Stone Sour,ゆるーくおしゃべり,歌手,,,,,2014/4/29 11:25
0417-0423,,,レオレオ,,Strapping Young Ladが活動再開したら,Strapping Young Ladがもし活動再開したら皆さんはどう思いますかー！？心境を教えて！,Strapping Young Lad,ゆるーくおしゃべり,歌手,,,,,2014/4/28 7:29
0417-0423,,,レオレオ,,Swedish House MafiaのTシャツはどうしてますか！？,Swedish House MafiaのTシャツは皆さんどうしてますか！？部屋に飾っている？,Swedish House Mafia,ゆるーくおしゃべり,歌手,,,,,2014/4/27 23:29
0417-0423,,,レオレオ,,Sly & The Family Stoneって皆さんどう思いますか？,Sly & The Family Stoneって皆さんどう思いますか？不思議なグループですよね！？,Sly & The Family Stone,ゆるーくおしゃべり,歌手,レゲエ,,,,2014/4/30 9:12
0417-0423,,,レオレオ,,STEREOPHONICSを聴いて生活が変わった方！,STEREOPHONICSを聴いて生活が変わった方っておられますか？？,STEREOPHONICS,ゆるーくおしゃべり,歌手,,,,,2014/4/30 4:53
0417-0423,,,レオレオ,,SO.ON Projectの良かったと思うアルバムはなんですか？,SO.ON Projectの良かったと思うアルバムはなんですか？私は５作目が良かったですね！,SO.ON Project,ゆるーくおしゃべり,歌手,,,,,2014/4/29 16:33
0417-0423,,,レオレオ,,SELAH SUEの部屋ってどんな部屋だと思いますか？,SELAH SUEの部屋ってどんな部屋だと思いますか？？キレイな部屋しているのかな？,SELAH SUE,ゆるーくおしゃべり,歌手,,,,,2014/4/30 9:05
0417-0423,,,レオレオ,,SPARKSを聴いたときの思い出を教えてー！,SPARKSを聴いたときの思い出を教えてくださいー！なんか心境変わったこととかありますか？,SPARKS,ゆるーくおしゃべり,歌手,,,,,2014/4/27 21:35
0417-0423,,,レオレオ,,Stumble Bumのカッコイイ！と思ったＰＶは？,Stumble Bumのカッコイイ！と思ったＰＶはどれでしたかー！？あなたにとってコレ！というものを語りましょう！,Stumble Bum,ゆるーくおしゃべり,歌手,,,,,2014/4/29 2:18
0417-0423,,,レオレオ,,TOM ODELLさんの顔が…,TOM ODELLさんの顔がとても好みなのですが、皆さんはどうおもいますか？,TOM ODELL,ゆるーくおしゃべり,歌手,,,,,2014/4/29 13:25
0417-0423,,,レオレオ,,Takujiさんって様々な…,Takujiさんって様々なジャンルの芸術家ですよね。最近は民族や部族の音楽されてて、多彩な人って魅力がありますよね。,Takuji,ゆるーくおしゃべり,歌手,,,,,2014/4/27 21:19
0417-0423,,,レオレオ,,THE GASLAMP KILLERって,THE GASLAMP KILLERって謎に包まれていますよね。謎に包まれている系男性って素敵じゃないですか？,THE GASLAMP KILLER,ゆるーくおしゃべり,歌手,,,,,2014/4/28 11:35
0417-0423,,,レオレオ,,TAME IMPALAさんのホームページ,TAME IMPALAさんのホームページを見たのですが、とってもオシャレだと思いました！どう思いましたか？,TAME IMPALA,ゆるーくおしゃべり,歌手,,,,,2014/4/29 12:31
0417-0423,,,レオレオ,,THE SMASHING PUMPKINSのデビューアルバム,THE SMASHING PUMPKINSのデビューアルバムってちょうどNirvanaのアルバムと出した時期がかぶったそうですが、そういうのってやっぱり運なのでしょうか？,THE SMASHING PUMPKINS,ゆるーくおしゃべり,歌手,,,,,2014/4/28 0:11
0417-0423,,,レオレオ,,TOMMY EMMANUELさんって,TOMMY EMMANUELさんってフィンガーピッキングの達人と言われていますが、トミーさんの曲で簡単なのはあるものなのでしょうか？,TOMMY EMMANUEL,ゆるーくおしゃべり,歌手,,,,,2014/4/28 19:07
0417-0423,,,レオレオ,,Twistaさんはギネス保持者,Twistaさんって世界最速の早口としてギネスに載っているそうですが、あれはどうやっているんでしょうね？,Twista,ゆるーくおしゃべり,歌手,,,,,2014/4/28 20:16
0417-0423,,,レオレオ,,Totally Dedicatedってレア？,Totally Dedicatedってかなり価値のあるグループだそうですね。彼らが出したCDがとてもレアだとか？,Totally Dedicated,ゆるーくおしゃべり,歌手,,,,,2014/4/28 18:22
0417-0423,,,レオレオ,,The Strypesは大物に絶賛されている,The Strypesさんって大物の方に絶賛されていますよね！一人一人の音楽性のレベルがかなり高いと思いますね。,The Strypes,ゆるーくおしゃべり,歌手,,,,,2014/4/27 22:17
0417-0423,,,レオレオ,,THE ORAL CIGARETTESが今度…,THE ORAL CIGARETTESが今度ワンマンのツアーをするそうですが、その前にも地元の奈良でワンマンするそうですね。,THE ORAL CIGARETTES,ゆるーくおしゃべり,歌手,,,,,2014/4/28 22:11
0417-0423,,,レオレオ,,The Flickers (opening act)さんの,The Flickers (opening act)さんのHPにメンバーがとった写真が載っていますよね！あれいいですね！,The Flickers (opening act),ゆるーくおしゃべり,歌手,,,,,2014/4/27 17:21
0417-0423,,,レオレオ,,TRAMMPSさんの曲で…,TRAMMPSさんの曲ってあの有名な番組、なるほど！ザ・ワールドのテーマ曲として使われていたんですね！,TRAMMPS,ゆるーくおしゃべり,歌手,,,,,2014/4/28 20:22
0417-0423,,,レオレオ,,Trey Songzさんって前に,Trey Songzさんって前に日本人歌手のAIさんの作品に出たり、ライブで共演したりしたことがあるのですね！？,Trey Songz,ゆるーくおしゃべり,歌手,,,,,2014/4/30 8:21
0417-0423,,,レオレオ,,Trick Daddyさんって本当は？,Trick Daddyさんって今はムキムキなのでしょうか？昔の写真ではムキムキの画像があるのですが…,Trick Daddy,ゆるーくおしゃべり,歌手,,,,,2014/4/27 19:52
0417-0423,,,レオレオ,,Toni Braxtonさんの兄弟は,Toni Braxtonさんは６人姉弟ですよね？他の姉弟さんも芸能活動しているのですよね？,Toni Braxton,ゆるーくおしゃべり,歌手,R&B,,,,2014/4/28 1:03
0417-0423,,,レオレオ,,Tinie Tempahさんは１５歳から,Tinie Tempahさんは１５歳の時から、ミックステープをつくり始めたんですね。すごいですよね〜！私が１５歳の時なんて…,Tinie Tempah,ゆるーくおしゃべり,歌手,,,,,2014/4/29 7:46
0417-0423,,,レオレオ,,Timbalandさんの顔って,Timbalandさんってラッパーでもありますが、ヒップホップ・R＆B系音楽プロデューサーでもあって、色々な顔を持ってますよね。,Timbaland,ゆるーくおしゃべり,歌手,ヒップホップ,,,,2014/4/28 14:07
0417-0423,,,レオレオ,,Tiestoってとても有名,Tiestoさんって世界で最も有名なDJの1人とされているんですね！DJの世界はあまり分からないので…,Tiesto,ゆるーくおしゃべり,歌手,,,,,2014/4/29 19:07
0417-0423,,,レオレオ,,TiAさんっていち時期,TiAさんっていち時期、活動停止をしていたことがあったと思うのですが、なぜか分かりますか？,TiA,ゆるーくおしゃべり,歌手,,,,,2014/4/28 3:58
0417-0423,,,レオレオ,,SIZZLAがもっと日本に浸透するには？,SIZZLAがもっと日本に浸透するにはどうしたら良いと皆さんは思いますか～？,SIZZLA,ゆるーくおしゃべり,歌手,レゲエ,,,,2014/4/27 21:17
0417-0423,,,レオレオ,,Stingのアルバムで聴いたときの思い出,Stingのアルバムで聴いたときの思い出を皆さん教えてくださいー！,Sting,ゆるーくおしゃべり,歌手,,,,,2014/4/27 20:34
0417-0423,,,レオレオ,,Sammy Hagarのボーカルについて,Sammy Hagarのボーカルについてですが、歌い方かっこいいですよね！皆さんはどんなところにホレましたか！？,Sammy Hagar,ゆるーくおしゃべり,歌手,,,,,2014/4/29 14:03
0417-0423,,,レオレオ,,Sheryl Crowが紙を染めるならば！,Sheryl Crowが紙を染めるならばどんな色が皆さん似合うと感じますか～？,Sheryl Crow,ゆるーくおしゃべり,歌手,,,,,2014/4/29 4:41
0417-0423,,,レオレオ,,Sean Paulの髪型を皆さんは変えてみましょう！,Sean Paulの髪型を皆さんは変えてみましょう！どんな髪型が似合うと思いますか～？,Sean Paul,ゆるーくおしゃべり,歌手,レゲエ,,,,2014/4/29 10:54
0417-0423,,,レオレオ,,Shabba Ranksを知ったきっかけってなんですか？,Shabba Ranksを知ったきっかけってなんですか？知っておられる方が少ないものですから..,Shabba Ranks,ゆるーくおしゃべり,歌手,レゲエ,,,,2014/4/28 21:50
0417-0423,,,レオレオ,,Shaggyってどんな人が聴くと思いますか？,Shaggyってどんな人が聴くと思いますか？彼に合う人柄を教えてー！,Shaggy,ゆるーくおしゃべり,歌手,レゲエ,,,,2014/4/28 6:14
0417-0423,,,レオレオ,,SMUJJIが注目された瞬間、どう思いますか？,SMUJJIが注目された瞬間、ファンの皆さんはどう思いますかー！？,SMUJJI,ゆるーくおしゃべり,歌手,,,,,2014/4/29 16:23
0417-0423,,,レオレオ,,The Rootsの感動したアルバムを教えてー！,The Rootsの感動したアルバムを教えてくださいー！私はDon't Say Nuthinですね！,The Roots,ゆるーくおしゃべり,歌手,,,,,2014/4/28 6:59
0417-0423,,,レオレオ,,The Spinnersの映像でよかった映像を教えて！,The Spinnersの映像でよかった映像を教えてください！youtubeでもＯＫ！,The Spinners,ゆるーくおしゃべり,歌手,,,,,2014/4/29 18:56
0417-0423,,,レオレオ,,The Stylisticsが好きになった理由を教えてー！,The Stylisticsが好きになった理由を教えてくださいー！皆さんは感性を聞かせて！,The Stylistics,ゆるーくおしゃべり,歌手,,,,,2014/4/28 9:13
0417-0423,,,レオレオ,,皆さんはThe Supremesをどんなときに聴いている？,皆さんはThe Supremesの歌や作曲ををどんなときに聴いていますか～？,The Supremes,ゆるーくおしゃべり,歌手,,,,,2014/4/29 12:51
0417-0423,,,レオレオ,,The Temptationsがロックの殿堂入りして,The Temptationsがロックの殿堂入りして皆さんはどう思いますかー！？,The Temptations,ゆるーくおしゃべり,歌手,,,,,2014/4/27 19:35
0417-0423,,,レオレオ,,THE THREE DEGREESに新しいメンバーを入れるとしたら！,THE THREE DEGREESは昔入れ替わりが激しかったわけですが、今、新しいメンバーを入れるとしたら！誰が良いと思いますか？,THE THREE DEGREES,ゆるーくおしゃべり,歌手,,,,,2014/4/28 4:38
0417-0423,,,レオレオ,,The Trammpsのいけてる映像を教えてー！,The Trammpsのいけてる映像ってなんですか～？なんの曲の映像ですか！？,The Trammps,ゆるーくおしゃべり,歌手,,,,,2014/4/28 22:29
0417-0423,,,レオレオ,,The Weather Girlsを知ったきっかけって？,The Weather Girlsを知ったきっかけってなんですか？あまり知っている人がいないので。,The Weather Girls,ゆるーくおしゃべり,歌手,,,,,2014/4/29 11:03
0417-0423,,,レオレオ,,The Yellow Monkeyに応援の声をかけるなら！,The Yellow Monkeyに応援の声をかけるならどんな声をかけちゃいますかー！？,The Yellow Monkey,ゆるーくおしゃべり,歌手,,,,,2014/4/29 15:30
0417-0423,,,レオレオ,,The-Dreamを知ったきっかけを教えてー！,The-Dreamを知ったきっかけを教えてください！私は学校の友達から勧められました！,The-Dream,ゆるーくおしゃべり,歌手,,,,,2014/4/29 10:57
0417-0423,,,レオレオ,,THEGZETTEのライブの思い出をゆるりと！,THEGZETTEのライブの思い出をゆるりとみんなで語り合いましょうぞー！,THEGZETTE,ゆるーくおしゃべり,歌手,,,,,2014/4/28 12:15
